position_id,strategy,symbol,side,first_time,last_time,volume_in,volume_out,avg_entry,avg_exit,pnl,commission,swap,magics,comments
1339336499,GOLD_PRO_SIGNAL,BTCUSDm,BUY,2026-06-05 19:12:34,2026-06-05 19:13:44,0.01,0.01,60139.22,60737.58,5.99,0.0,0.0,88001,GOLD_PRO_SIGNAL / [tp 60737.58000]
1339458162,BOT_MAGIC_ONLY,XAUUSDm,BUY,2026-06-05 19:29:13,2026-06-08 03:20:26,0.01,0.01,4329.96,4348.456,18.5,0.0,0.0,88001,GOLD_PRO_ORDER / [tp 4348.45600]
1339462267,BOT_MAGIC_ONLY,XAUUSDm,BUY,2026-06-05 19:30:00,2026-06-05 20:00:10,0.01,0.01,4329.092,4346.243,17.15,0.0,0.0,88001,GOLD_PRO_ORDER / [tp 4346.24300]
1340653156,GOLD_PRO_SIGNAL,BTCUSDm,BUY,2026-06-06 02:29:42,2026-06-06 07:15:32,0.01,0.01,60970.21,60000.0,-9.7,0.0,0.0,88001,GOLD_PRO_SIGNAL / [sl 60000.00000]
1340685912,GOLD_PRO_TP1,BTCUSDm,SELL,2026-06-06 03:26:13,2026-06-06 03:32:36,0.01,0.01,61181.99,61403.45,-2.21,0.0,0.0,88001,GOLD_PRO_TP1 / [sl 61402.97000]
1340685914,GOLD_PRO_TP2,BTCUSDm,SELL,2026-06-06 03:26:13,2026-06-06 03:32:36,0.01,0.01,61181.99,61403.45,-2.21,0.0,0.0,88001,GOLD_PRO_TP2 / [sl 61402.97]
1340685915,GOLD_PRO_TP3,BTCUSDm,SELL,2026-06-06 03:26:13,2026-06-06 03:32:36,0.01,0.01,61181.99,61403.45,-2.21,0.0,0.0,88001,GOLD_PRO_TP3 / [sl 61402.97]
1340685861,GOLD_PRO_TP1,BTCUSDm,SELL,2026-06-06 03:32:34,2026-06-06 04:13:21,0.01,0.01,61322.54,61119.01,2.04,0.0,0.0,88001,GOLD_PRO_TP1 / [tp 61119.01000]
1340685864,GOLD_PRO_TP2,BTCUSDm,SELL,2026-06-06 03:32:34,2026-06-06 04:51:05,0.01,0.01,61322.54,60956.19,3.67,0.0,0.0,88001,GOLD_PRO_TP2 / [tp 60956.19000]
1340685865,GOLD_PRO_TP3,BTCUSDm,SELL,2026-06-06 03:32:34,2026-06-06 04:54:26,0.01,0.01,61322.54,61127.9,1.95,0.0,0.0,88001,GOLD_PRO_TP3 / [sl 61119.01]
1347019281,GOLD_PRO_TP1,BTCUSDm,BUY,2026-06-08 14:57:52,2026-06-08 15:11:33,0.01,0.01,63411.26,63021.49,-3.9,0.0,0.0,88001,GOLD_PRO_PARTIAL / GOLD_PRO_TP1
1347019286,GOLD_PRO_TP2,BTCUSDm,BUY,2026-06-08 14:57:52,2026-06-08 15:11:33,0.01,0.01,63411.26,63021.49,-3.9,0.0,0.0,88001,GOLD_PRO_PARTIAL / GOLD_PRO_TP2
1347019298,GOLD_PRO_TP3,BTCUSDm,BUY,2026-06-08 14:57:52,2026-06-08 15:11:33,0.01,0.01,63411.26,63021.49,-3.9,0.0,0.0,88001,GOLD_PRO_PARTIAL / GOLD_PRO_TP3
1347019311,GOLD_PRO_TP1,GBPUSDm,BUY,2026-06-08 14:57:52,2026-06-08 15:53:04,0.01,0.01,1.33624,1.33454,-1.7,0.0,0.0,88001,GOLD_PRO_PARTIAL / GOLD_PRO_TP1
1347019320,GOLD_PRO_TP2,GBPUSDm,BUY,2026-06-08 14:57:52,2026-06-08 15:53:04,0.01,0.01,1.33624,1.33454,-1.7,0.0,0.0,88001,GOLD_PRO_PARTIAL / GOLD_PRO_TP2
1347019328,GOLD_PRO_TP3,GBPUSDm,BUY,2026-06-08 14:57:52,2026-06-08 15:53:04,0.01,0.01,1.33624,1.33454,-1.7,0.0,0.0,88001,GOLD_PRO_PARTIAL / GOLD_PRO_TP3
1347019340,GOLD_PRO_TP1,USDJPYm,SELL,2026-06-08 14:57:52,2026-06-08 17:15:36,0.02,0.02,159.958,160.13,-2.15,0.0,0.0,88001,GOLD_PRO_PARTIAL / GOLD_PRO_TP1
1347019350,GOLD_PRO_TP2,USDJPYm,SELL,2026-06-08 14:57:52,2026-06-08 17:21:37,0.01,0.01,159.958,160.181,-1.39,0.0,0.0,88001,GOLD_PRO_PARTIAL / GOLD_PRO_TP2
1347019367,GOLD_PRO_TP3,USDJPYm,SELL,2026-06-08 14:57:52,2026-06-08 17:21:37,0.01,0.01,159.958,160.181,-1.39,0.0,0.0,88001,GOLD_PRO_PARTIAL / GOLD_PRO_TP3
1348964626,GOLD_PRO_TP1,XAUUSDm,SELL,2026-06-08 19:54:31,2026-06-09 18:31:53,0.01,0.01,4339.4,4266.72,72.68,0.0,0.0,88001,GOLD_PRO_TP1 / [tp 4266.72000]
1348964629,GOLD_PRO_TP2,XAUUSDm,SELL,2026-06-08 19:54:31,2026-06-10 03:32:34,0.01,0.01,4339.4,4208.58,130.82,0.0,0.0,88001,GOLD_PRO_TP2 / [tp 4208.58000]
1348964638,GOLD_PRO_TP3,XAUUSDm,SELL,2026-06-08 19:54:31,2026-06-10 05:37:49,0.01,0.01,4339.4,4183.631,155.77,0.0,0.0,"0,88001",GOLD_PRO_TP3
1352558815,GOLD_PRO_TP1,BTCUSDm,SELL,2026-06-09 15:45:18,2026-06-09 17:16:11,0.01,0.01,62450.09,61901.52,5.48,0.0,0.0,88001,GOLD_PRO_TP1 / [tp 61901.52000]
1352558827,GOLD_PRO_TP2,BTCUSDm,SELL,2026-06-09 15:45:18,2026-06-09 17:35:29,0.01,0.01,62450.09,61453.5,9.96,0.0,0.0,88001,GOLD_PRO_TP2 / [tp 61453.50000]
1352558837,GOLD_PRO_TP3,BTCUSDm,SELL,2026-06-09 15:45:18,2026-06-09 18:57:15,0.01,0.01,62450.09,61005.48,14.45,0.0,0.0,88001,GOLD_PRO_TP3 / [tp 61005.48000]
1352558791,GOLD_PRO_TP2,USDJPYm,SELL,2026-06-09 15:45:20,2026-06-10 00:28:33,0.01,0.01,160.176,160.464,-1.8,0.0,0.0,88001,GOLD_PRO_TP2 / [sl 160.46400]
1352558800,GOLD_PRO_TP3,USDJPYm,SELL,2026-06-09 15:45:20,2026-06-10 00:28:33,0.01,0.01,160.176,160.464,-1.8,0.0,0.0,88001,GOLD_PRO_TP3 / [sl 160.46400]
1352556320,GOLD_PRO_TP1,EURUSDm,BUY,2026-06-09 15:45:48,2026-06-09 18:35:19,0.01,0.01,1.15731,1.15523,-2.08,0.0,0.0,88001,GOLD_PRO_TP1 / [sl 1.15523]
1352556321,GOLD_PRO_TP2,EURUSDm,BUY,2026-06-09 15:45:48,2026-06-09 18:35:19,0.01,0.01,1.15731,1.15523,-2.08,0.0,0.0,88001,GOLD_PRO_TP2 / [sl 1.15523]
1352556323,GOLD_PRO_TP3,EURUSDm,BUY,2026-06-09 15:45:48,2026-06-09 18:35:19,0.01,0.01,1.15731,1.15523,-2.08,0.0,0.0,88001,GOLD_PRO_TP3 / [sl 1.15523]
1352559187,GOLD_PRO_TP1,EURUSDm,BUY,2026-06-09 15:46:03,2026-06-09 18:35:21,0.01,0.01,1.1573,1.15522,-2.08,0.0,0.0,88001,GOLD_PRO_TP1 / [sl 1.15522]
1352559189,GOLD_PRO_TP2,EURUSDm,BUY,2026-06-09 15:46:03,2026-06-09 18:35:21,0.01,0.01,1.1573,1.15522,-2.08,0.0,0.0,88001,GOLD_PRO_TP2 / [sl 1.15522]
1352559193,GOLD_PRO_TP3,EURUSDm,BUY,2026-06-09 15:46:03,2026-06-09 18:35:21,0.01,0.01,1.1573,1.15522,-2.08,0.0,0.0,88001,GOLD_PRO_TP3 / [sl 1.15522]
1352559196,GOLD_PRO_TP1,EURUSDm,BUY,2026-06-09 15:46:03,2026-06-09 18:35:21,0.01,0.01,1.1573,1.15522,-2.08,0.0,0.0,88001,GOLD_PRO_TP1 / [sl 1.15522]
1352559198,GOLD_PRO_TP2,EURUSDm,BUY,2026-06-09 15:46:03,2026-06-09 18:35:21,0.01,0.01,1.1573,1.15522,-2.08,0.0,0.0,88001,GOLD_PRO_TP2 / [sl 1.15522]
1352559202,GOLD_PRO_TP3,EURUSDm,BUY,2026-06-09 15:46:03,2026-06-09 18:35:21,0.01,0.01,1.1573,1.15522,-2.08,0.0,0.0,88001,GOLD_PRO_TP3 / [sl 1.15522]
1352558882,GOLD_PRO_TP1,EURUSDm,BUY,2026-06-09 15:51:35,2026-06-10 05:37:48,0.01,0.01,1.15725,1.15436,-2.89,0.0,0.0,"0,88001",GOLD_PRO_TP1
1352558884,GOLD_PRO_TP2,EURUSDm,BUY,2026-06-09 15:51:35,2026-06-10 05:37:48,0.01,0.01,1.15725,1.15436,-2.89,0.0,0.0,"0,88001",GOLD_PRO_TP2
1352558885,GOLD_PRO_TP3,EURUSDm,BUY,2026-06-09 15:51:35,2026-06-10 05:37:48,0.01,0.01,1.15725,1.15436,-2.89,0.0,0.0,"0,88001",GOLD_PRO_TP3
1352558899,GOLD_PRO_TP1,EURUSDm,BUY,2026-06-09 15:51:35,2026-06-09 18:35:21,0.01,0.01,1.15725,1.15517,-2.08,0.0,0.0,88001,GOLD_PRO_TP1 / [sl 1.15517]
1352558901,GOLD_PRO_TP2,EURUSDm,BUY,2026-06-09 15:51:35,2026-06-09 18:35:21,0.01,0.01,1.15725,1.15517,-2.08,0.0,0.0,88001,GOLD_PRO_TP2 / [sl 1.15517]
1352558902,GOLD_PRO_TP3,EURUSDm,BUY,2026-06-09 15:51:35,2026-06-09 18:35:21,0.01,0.01,1.15725,1.15517,-2.08,0.0,0.0,88001,GOLD_PRO_TP3 / [sl 1.15517]
1352558847,GOLD_PRO_TP1,GBPUSDm,BUY,2026-06-09 16:07:59,2026-06-09 18:35:22,0.01,0.01,1.34018,1.33777,-2.41,0.0,0.0,88001,GOLD_PRO_TP1 / [sl 1.33777]
1352558860,GOLD_PRO_TP2,GBPUSDm,BUY,2026-06-09 16:07:59,2026-06-09 18:35:22,0.01,0.01,1.34018,1.33777,-2.41,0.0,0.0,88001,GOLD_PRO_TP2 / [sl 1.33777]
1352558870,GOLD_PRO_TP3,GBPUSDm,BUY,2026-06-09 16:07:59,2026-06-09 18:35:22,0.01,0.01,1.34018,1.33777,-2.41,0.0,0.0,88001,GOLD_PRO_TP3 / [sl 1.33777]
1353919048,GOLD_PRO_TP1,XAUUSDm,SELL,2026-06-09 18:17:01,2026-06-10 02:45:44,0.01,0.01,4295.31,4213.07,82.24,0.0,0.0,88001,GOLD_PRO_TP1 / [tp 4213.07000]
1353919054,GOLD_PRO_TP2,XAUUSDm,SELL,2026-06-09 18:17:01,2026-06-10 05:37:49,0.01,0.01,4295.31,4183.631,111.68,0.0,0.0,"0,88001",GOLD_PRO_TP2
1353919058,GOLD_PRO_TP3,XAUUSDm,SELL,2026-06-09 18:17:01,2026-06-10 05:37:49,0.01,0.01,4295.31,4183.631,111.68,0.0,0.0,"0,88001",GOLD_PRO_TP3
1353920999,GOLD_PRO_TP1,XAUUSDm,SELL,2026-06-09 18:17:06,2026-06-10 02:45:43,0.01,0.01,4295.81,4213.57,82.24,0.0,0.0,88001,GOLD_PRO_TP1 / [tp 4213.57000]
1353921004,GOLD_PRO_TP2,XAUUSDm,SELL,2026-06-09 18:17:06,2026-06-10 05:37:49,0.01,0.01,4295.81,4183.577,112.23,0.0,0.0,"0,88001",GOLD_PRO_TP2
1353921005,GOLD_PRO_TP3,XAUUSDm,SELL,2026-06-09 18:17:06,2026-06-10 05:37:49,0.01,0.01,4295.81,4183.577,112.23,0.0,0.0,"0,88001",GOLD_PRO_TP3
1353922119,GOLD_PRO_TP1,XAUUSDm,SELL,2026-06-09 18:17:16,2026-06-10 02:45:30,0.01,0.01,4295.086,4214.22,80.87,0.0,0.0,88001,GOLD_PRO_TP1 / [tp 4214.22000]
1353922121,GOLD_PRO_TP2,XAUUSDm,SELL,2026-06-09 18:17:16,2026-06-10 05:37:49,0.01,0.01,4295.01,4183.577,111.43,0.0,0.0,"0,88001",GOLD_PRO_TP2
1353922126,GOLD_PRO_TP3,XAUUSDm,SELL,2026-06-09 18:17:16,2026-06-10 05:37:49,0.01,0.01,4295.01,4183.577,111.43,0.0,0.0,"0,88001",GOLD_PRO_TP3
1353922128,GOLD_PRO_TP1,XAUUSDm,SELL,2026-06-09 18:17:16,2026-06-10 02:45:30,0.01,0.01,4295.01,4214.22,80.79,0.0,0.0,88001,GOLD_PRO_TP1 / [tp 4214.22000]
1353922137,GOLD_PRO_TP2,XAUUSDm,SELL,2026-06-09 18:17:16,2026-06-10 05:37:49,0.01,0.01,4295.01,4183.577,111.43,0.0,0.0,"0,88001",GOLD_PRO_TP2
1353922142,GOLD_PRO_TP3,XAUUSDm,SELL,2026-06-09 18:17:16,2026-06-10 05:37:49,0.01,0.01,4295.01,4183.577,111.43,0.0,0.0,"0,88001",GOLD_PRO_TP3
1353924829,GOLD_PRO_TP2,XAUUSDm,SELL,2026-06-09 18:17:44,2026-06-09 19:38:12,0.01,0.01,4293.78,4250.15,43.63,0.0,0.0,88001,GOLD_PRO_TP2 / [tp 4250.15000]
1353924832,GOLD_PRO_TP3,XAUUSDm,SELL,2026-06-09 18:17:45,2026-06-10 02:17:54,0.01,0.01,4293.78,4230.76,63.02,0.0,0.0,88001,GOLD_PRO_TP3 / [tp 4230.76000]
1353925333,GOLD_PRO_TP2,XAUUSDm,SELL,2026-06-09 18:17:54,2026-06-09 19:38:12,0.01,0.01,4293.85,4250.22,43.63,0.0,0.0,88001,GOLD_PRO_TP2 / [tp 4250.22000]
1353925337,GOLD_PRO_TP3,XAUUSDm,SELL,2026-06-09 18:17:54,2026-06-10 02:17:54,0.01,0.01,4293.85,4230.83,63.02,0.0,0.0,88001,GOLD_PRO_TP3 / [tp 4230.83000]
1353925338,GOLD_PRO_TP1,XAUUSDm,SELL,2026-06-09 18:17:54,2026-06-09 18:31:49,0.01,0.01,4293.8,4269.61,24.19,0.0,0.0,88001,GOLD_PRO_TP1 / [tp 4269.61000]
1353925344,GOLD_PRO_TP2,XAUUSDm,SELL,2026-06-09 18:17:54,2026-06-09 19:38:12,0.01,0.01,4293.862,4250.22,43.64,0.0,0.0,88001,GOLD_PRO_TP2 / [tp 4250.22000]
1353925354,GOLD_PRO_TP3,XAUUSDm,SELL,2026-06-09 18:17:54,2026-06-10 02:17:54,0.01,0.01,4293.862,4230.83,63.03,0.0,0.0,88001,GOLD_PRO_TP3 / [tp 4230.83000]
1353925357,GOLD_PRO_TP1,GBPUSDm,BUY,2026-06-09 18:18:00,2026-06-09 18:37:24,0.01,0.01,1.33968,1.33727,-2.41,0.0,0.0,88001,GOLD_PRO_TP1 / [sl 1.33727]
1353925359,GOLD_PRO_TP2,GBPUSDm,BUY,2026-06-09 18:18:00,2026-06-09 18:37:24,0.01,0.01,1.33968,1.33727,-2.41,0.0,0.0,88001,GOLD_PRO_TP2 / [sl 1.33727]
1353925363,GOLD_PRO_TP3,GBPUSDm,BUY,2026-06-09 18:18:00,2026-06-09 18:37:24,0.01,0.01,1.33968,1.33727,-2.41,0.0,0.0,88001,GOLD_PRO_TP3 / [sl 1.33727]
1353926235,GOLD_PRO_TP2,XAUUSDm,SELL,2026-06-09 18:18:06,2026-06-09 19:38:11,0.01,0.01,4294.082,4250.88,43.2,0.0,0.0,88001,GOLD_PRO_TP2 / [tp 4250.88000]
1353926250,GOLD_PRO_TP3,XAUUSDm,SELL,2026-06-09 18:18:06,2026-06-10 02:17:54,0.01,0.01,4294.082,4231.49,62.59,0.0,0.0,88001,GOLD_PRO_TP3 / [tp 4231.49000]
1353926734,GOLD_PRO_TP2,XAUUSDm,SELL,2026-06-09 18:18:16,2026-06-09 19:38:11,0.01,0.01,4294.77,4251.14,43.63,0.0,0.0,88001,GOLD_PRO_TP2 / [tp 4251.14000]
1353926735,GOLD_PRO_TP3,XAUUSDm,SELL,2026-06-09 18:18:16,2026-06-10 02:17:54,0.01,0.01,4294.77,4231.75,63.02,0.0,0.0,88001,GOLD_PRO_TP3 / [tp 4231.75000]
1353926743,GOLD_PRO_TP1,XAUUSDm,SELL,2026-06-09 18:18:16,2026-06-09 18:31:49,0.01,0.01,4294.77,4270.53,24.24,0.0,0.0,88001,GOLD_PRO_TP1 / [tp 4270.53000]
1353926746,GOLD_PRO_TP2,XAUUSDm,SELL,2026-06-09 18:18:16,2026-06-09 19:38:11,0.01,0.01,4294.77,4251.14,43.63,0.0,0.0,88001,GOLD_PRO_TP2 / [tp 4251.14000]
1353926750,GOLD_PRO_TP3,XAUUSDm,SELL,2026-06-09 18:18:16,2026-06-10 02:17:54,0.01,0.01,4294.77,4231.75,63.02,0.0,0.0,88001,GOLD_PRO_TP3 / [tp 4231.75000]
1353929402,GOLD_PRO_TP2,XAUUSDm,SELL,2026-06-09 18:18:49,2026-06-09 19:38:11,0.01,0.01,4294.584,4251.04,43.54,0.0,0.0,88001,GOLD_PRO_TP2 / [tp 4251.04000]
1353929404,GOLD_PRO_TP3,XAUUSDm,SELL,2026-06-09 18:18:49,2026-06-10 02:17:54,0.01,0.01,4294.584,4231.65,62.93,0.0,0.0,88001,GOLD_PRO_TP3 / [tp 4231.65000]
1353932213,GOLD_PRO_TP2,XAUUSDm,SELL,2026-06-09 18:19:07,2026-06-09 19:38:13,0.01,0.01,4292.248,4248.64,43.61,0.0,0.0,88001,GOLD_PRO_TP2 / [tp 4248.64000]
1353932215,GOLD_PRO_TP3,XAUUSDm,SELL,2026-06-09 18:19:07,2026-06-10 02:17:56,0.01,0.01,4292.248,4229.25,63.0,0.0,0.0,88001,GOLD_PRO_TP3 / [tp 4229.25000]
1353933256,GOLD_PRO_TP2,XAUUSDm,SELL,2026-06-09 18:19:49,2026-06-09 19:38:13,0.01,0.01,4292.359,4248.78,43.58,0.0,0.0,88001,GOLD_PRO_TP2 / [tp 4248.78000]
1353933262,GOLD_PRO_TP3,XAUUSDm,SELL,2026-06-09 18:19:49,2026-06-10 02:17:56,0.01,0.01,4292.359,4229.39,62.97,0.0,0.0,88001,GOLD_PRO_TP3 / [tp 4229.39000]
1353934982,GOLD_PRO_TP1,XAUUSDm,SELL,2026-06-09 18:20:26,2026-06-09 18:31:49,0.01,0.01,4293.06,4268.82,24.24,0.0,0.0,88001,GOLD_PRO_TP1 / [tp 4268.82000]
1353934986,GOLD_PRO_TP2,XAUUSDm,SELL,2026-06-09 18:20:26,2026-06-09 19:38:12,0.01,0.01,4293.06,4249.43,43.63,0.0,0.0,88001,GOLD_PRO_TP2 / [tp 4249.43000]
1353934988,GOLD_PRO_TP3,XAUUSDm,SELL,2026-06-09 18:20:26,2026-06-10 02:17:55,0.01,0.01,4293.06,4230.04,63.02,0.0,0.0,88001,GOLD_PRO_TP3 / [tp 4230.04000]
1353945061,GOLD_PRO_TP1,XAUUSDm,SELL,2026-06-09 18:21:08,2026-06-09 18:31:52,0.01,0.01,4291.79,4267.55,24.24,0.0,0.0,88001,GOLD_PRO_TP1 / [tp 4267.55000]
1353945064,GOLD_PRO_TP2,XAUUSDm,SELL,2026-06-09 18:21:08,2026-06-09 19:38:13,0.01,0.01,4291.79,4248.16,43.63,0.0,0.0,88001,GOLD_PRO_TP2 / [tp 4248.16000]
1353945066,GOLD_PRO_TP3,XAUUSDm,SELL,2026-06-09 18:21:08,2026-06-10 02:18:01,0.01,0.01,4291.79,4228.77,63.02,0.0,0.0,88001,GOLD_PRO_TP3 / [tp 4228.77000]
1353925366,GOLD_PRO_TP1,USDJPYm,BUY,2026-06-09 18:57:30,2026-06-10 05:37:48,0.01,0.01,160.236,160.338,0.64,0.0,0.0,"0,88001",GOLD_PRO_TP1
1353925369,GOLD_PRO_TP2,USDJPYm,BUY,2026-06-09 18:57:30,2026-06-10 05:37:48,0.01,0.01,160.236,160.338,0.64,0.0,0.0,"0,88001",GOLD_PRO_TP2
1353925375,GOLD_PRO_TP3,USDJPYm,BUY,2026-06-09 18:57:30,2026-06-10 05:37:48,0.01,0.01,160.236,160.338,0.64,0.0,0.0,"0,88001",GOLD_PRO_TP3
1354583633,GOLD_PRO_TP1,USDJPYm,BUY,2026-06-09 19:32:41,2026-06-10 05:37:48,0.01,0.01,160.373,160.338,-0.22,0.0,0.0,"0,88001",GOLD_PRO_TP1
1354583635,GOLD_PRO_TP2,USDJPYm,BUY,2026-06-09 19:32:41,2026-06-10 05:37:48,0.01,0.01,160.373,160.338,-0.22,0.0,0.0,"0,88001",GOLD_PRO_TP2
1354583645,GOLD_PRO_TP3,USDJPYm,BUY,2026-06-09 19:32:41,2026-06-10 05:37:48,0.01,0.01,160.373,160.338,-0.22,0.0,0.0,"0,88001",GOLD_PRO_TP3
1354658191,GOLD_PRO_TP1,USDJPYm,BUY,2026-06-09 19:38:34,2026-06-10 05:37:48,0.01,0.01,160.384,160.338,-0.29,0.0,0.0,"0,88001",GOLD_PRO_TP1
1354658240,GOLD_PRO_TP2,USDJPYm,BUY,2026-06-09 19:38:34,2026-06-10 05:37:48,0.01,0.01,160.384,160.338,-0.29,0.0,0.0,"0,88001",GOLD_PRO_TP2
1354658294,GOLD_PRO_TP3,USDJPYm,BUY,2026-06-09 19:38:34,2026-06-10 05:37:48,0.01,0.01,160.384,160.338,-0.29,0.0,0.0,"0,88001",GOLD_PRO_TP3
1354934908,GOLD_PRO_TP1,XAUUSDm,SELL,2026-06-09 20:01:19,2026-06-10 05:06:08,0.01,0.01,4255.11,4183.4,71.71,0.0,0.0,88001,GOLD_PRO_TP1 / [tp 4183.40000]
1354934918,GOLD_PRO_TP2,XAUUSDm,SELL,2026-06-09 20:01:19,2026-06-10 05:37:49,0.01,0.01,4255.11,4183.577,71.53,0.0,0.0,"0,88001",GOLD_PRO_TP2
1354934925,GOLD_PRO_TP3,XAUUSDm,SELL,2026-06-09 20:01:19,2026-06-10 05:37:49,0.01,0.01,4255.11,4183.577,71.53,0.0,0.0,"0,88001",GOLD_PRO_TP3
1354662768,GOLD_PRO_TP1,USDJPYm,BUY,2026-06-09 20:01:29,2026-06-10 05:37:48,0.01,0.01,160.381,160.338,-0.27,0.0,0.0,"0,88001",GOLD_PRO_TP1
1354662783,GOLD_PRO_TP2,USDJPYm,BUY,2026-06-09 20:01:29,2026-06-10 05:37:48,0.01,0.01,160.381,160.338,-0.27,0.0,0.0,"0,88001",GOLD_PRO_TP2
1354662821,GOLD_PRO_TP3,USDJPYm,BUY,2026-06-09 20:01:29,2026-06-10 05:37:48,0.01,0.01,160.381,160.338,-0.27,0.0,0.0,"0,88001",GOLD_PRO_TP3
1354662843,GOLD_PRO_TP1,USDJPYm,BUY,2026-06-09 20:01:29,2026-06-10 05:37:48,0.01,0.01,160.381,160.338,-0.27,0.0,0.0,"0,88001",GOLD_PRO_TP1
1354662870,GOLD_PRO_TP2,USDJPYm,BUY,2026-06-09 20:01:29,2026-06-10 05:37:48,0.01,0.01,160.381,160.338,-0.27,0.0,0.0,"0,88001",GOLD_PRO_TP2
1354662907,GOLD_PRO_TP3,USDJPYm,BUY,2026-06-09 20:01:29,2026-06-10 05:37:48,0.01,0.01,160.381,160.338,-0.27,0.0,0.0,"0,88001",GOLD_PRO_TP3
1354938341,GOLD_PRO_TP1,XAUUSDm,SELL,2026-06-09 20:01:39,2026-06-10 05:06:08,0.01,0.01,4254.886,4183.46,71.43,0.0,0.0,88001,GOLD_PRO_TP1 / [tp 4183.46000]
1354938346,GOLD_PRO_TP2,XAUUSDm,SELL,2026-06-09 20:01:39,2026-06-10 05:37:49,0.01,0.01,4254.83,4183.577,71.25,0.0,0.0,"0,88001",GOLD_PRO_TP2
1354940070,GOLD_PRO_TP1,XAUUSDm,SELL,2026-06-09 20:01:55,2026-06-10 04:43:49,0.01,0.01,4256.67,4184.96,71.71,0.0,0.0,88001,GOLD_PRO_TP1 / [tp 4184.96000]
1354940078,GOLD_PRO_TP2,XAUUSDm,SELL,2026-06-09 20:01:55,2026-06-10 05:37:49,0.01,0.01,4256.67,4183.577,73.09,0.0,0.0,"0,88001",GOLD_PRO_TP2
1354940082,GOLD_PRO_TP3,XAUUSDm,SELL,2026-06-09 20:01:55,2026-06-10 05:37:49,0.01,0.01,4256.67,4183.577,73.09,0.0,0.0,"0,88001",GOLD_PRO_TP3
1354940098,GOLD_PRO_TP1,XAUUSDm,SELL,2026-06-09 20:01:55,2026-06-10 04:43:49,0.01,0.01,4256.61,4184.9,71.71,0.0,0.0,88001,GOLD_PRO_TP1 / [tp 4184.90000]
1354940102,GOLD_PRO_TP2,XAUUSDm,SELL,2026-06-09 20:01:55,2026-06-10 05:37:49,0.01,0.01,4256.61,4183.577,73.03,0.0,0.0,"0,88001",GOLD_PRO_TP2
1354940104,GOLD_PRO_TP3,XAUUSDm,SELL,2026-06-09 20:01:55,2026-06-10 05:37:49,0.01,0.01,4256.61,4183.577,73.03,0.0,0.0,"0,88001",GOLD_PRO_TP3
1354948208,GOLD_PRO_TP1,XAUUSDm,SELL,2026-06-09 20:02:40,2026-06-10 04:05:48,0.01,0.01,4259.172,4187.86,71.31,0.0,0.0,88001,GOLD_PRO_TP1 / [tp 4187.86000]
1354948214,GOLD_PRO_TP2,XAUUSDm,SELL,2026-06-09 20:02:40,2026-06-10 05:37:49,0.01,0.01,4259.172,4183.577,75.59,0.0,0.0,"0,88001",GOLD_PRO_TP2
1354948217,GOLD_PRO_TP3,XAUUSDm,SELL,2026-06-09 20:02:40,2026-06-10 05:37:49,0.01,0.01,4259.247,4183.577,75.67,0.0,0.0,"0,88001",GOLD_PRO_TP3
1355327003,GOLD_PRO_TP3,BTCUSDm,SELL,2026-06-09 21:03:01,2026-06-10 05:37:46,0.01,0.01,61624.04,61361.18,2.63,0.0,0.0,"0,88001",GOLD_PRO_TP3
1355333738,GOLD_PRO_TP1,USDJPYm,BUY,2026-06-09 21:06:01,2026-06-10 05:37:48,0.01,0.01,160.367,160.338,-0.18,0.0,0.0,"0,88001",GOLD_PRO_TP1
1355333767,GOLD_PRO_TP2,USDJPYm,BUY,2026-06-09 21:06:01,2026-06-10 05:37:48,0.01,0.01,160.367,160.338,-0.18,0.0,0.0,"0,88001",GOLD_PRO_TP2
1355333780,GOLD_PRO_TP3,USDJPYm,BUY,2026-06-09 21:06:01,2026-06-10 05:37:48,0.01,0.01,160.367,160.338,-0.18,0.0,0.0,"0,88001",GOLD_PRO_TP3
1355361310,GOLD_PRO_TP1,USDJPYm,BUY,2026-06-09 21:09:56,2026-06-10 05:37:48,0.01,0.01,160.363,160.338,-0.16,0.0,0.0,"0,88001",GOLD_PRO_TP1
1355361314,GOLD_PRO_TP2,USDJPYm,BUY,2026-06-09 21:09:56,2026-06-10 05:37:48,0.01,0.01,160.363,160.338,-0.16,0.0,0.0,"0,88001",GOLD_PRO_TP2
1355361317,GOLD_PRO_TP1,USDJPYm,BUY,2026-06-09 21:09:56,2026-06-10 05:37:48,0.01,0.01,160.363,160.338,-0.16,0.0,0.0,"0,88001",GOLD_PRO_TP1
1355361318,GOLD_PRO_TP3,USDJPYm,BUY,2026-06-09 21:09:56,2026-06-10 05:37:48,0.01,0.01,160.363,160.338,-0.16,0.0,0.0,"0,88001",GOLD_PRO_TP3
1355361322,GOLD_PRO_TP2,USDJPYm,BUY,2026-06-09 21:09:56,2026-06-10 05:37:48,0.01,0.01,160.363,160.338,-0.16,0.0,0.0,"0,88001",GOLD_PRO_TP2
1355361324,GOLD_PRO_TP3,USDJPYm,BUY,2026-06-09 21:09:56,2026-06-10 05:37:48,0.01,0.01,160.363,160.338,-0.16,0.0,0.0,"0,88001",GOLD_PRO_TP3
1355360571,GOLD_PRO_TP1,USDJPYm,BUY,2026-06-09 21:10:10,2026-06-10 05:37:48,0.01,0.01,160.361,160.338,-0.14,0.0,0.0,"0,88001",GOLD_PRO_TP1
1355360572,GOLD_PRO_TP2,USDJPYm,BUY,2026-06-09 21:10:10,2026-06-10 05:37:48,0.01,0.01,160.361,160.338,-0.14,0.0,0.0,"0,88001",GOLD_PRO_TP2
1355360577,GOLD_PRO_TP3,USDJPYm,BUY,2026-06-09 21:10:10,2026-06-10 05:37:48,0.01,0.01,160.361,160.338,-0.14,0.0,0.0,"0,88001",GOLD_PRO_TP3
1355492666,GOLD_PRO_TP2,XAUUSDm,SELL,2026-06-09 21:32:08,2026-06-10 05:37:49,0.01,0.01,4271.191,4183.577,87.61,0.0,0.0,"0,88001",GOLD_PRO_TP2
1355492668,GOLD_PRO_TP3,XAUUSDm,SELL,2026-06-09 21:32:08,2026-06-10 05:37:49,0.01,0.01,4271.155,4183.577,87.58,0.0,0.0,"0,88001",GOLD_PRO_TP3
1355504149,GOLD_PRO_TP1,XAUUSDm,SELL,2026-06-09 21:34:36,2026-06-10 04:03:45,0.01,0.01,4270.65,4198.94,71.71,0.0,0.0,88001,GOLD_PRO_TP1 / [tp 4198.94000]
1355504151,GOLD_PRO_TP2,XAUUSDm,SELL,2026-06-09 21:34:36,2026-06-10 05:37:49,0.01,0.01,4270.65,4183.577,87.07,0.0,0.0,"0,88001",GOLD_PRO_TP2
1355504153,GOLD_PRO_TP1,XAUUSDm,SELL,2026-06-09 21:34:36,2026-06-10 04:03:45,0.01,0.01,4270.65,4198.94,71.71,0.0,0.0,88001,GOLD_PRO_TP1 / [tp 4198.94000]
1355504158,GOLD_PRO_TP3,XAUUSDm,SELL,2026-06-09 21:34:36,2026-06-10 05:37:49,0.01,0.01,4270.65,4183.577,87.07,0.0,0.0,"0,88001",GOLD_PRO_TP3
1355504160,GOLD_PRO_TP2,XAUUSDm,SELL,2026-06-09 21:34:36,2026-06-10 05:37:49,0.01,0.01,4270.65,4183.577,87.07,0.0,0.0,"0,88001",GOLD_PRO_TP2
1355504161,GOLD_PRO_TP3,XAUUSDm,SELL,2026-06-09 21:34:36,2026-06-10 05:37:49,0.01,0.01,4270.65,4183.577,87.07,0.0,0.0,"0,88001",GOLD_PRO_TP3
1355571908,GOLD_PRO_TP1,XAUUSDm,SELL,2026-06-09 21:51:16,2026-06-10 04:05:10,0.01,0.01,4264.97,4193.26,71.71,0.0,0.0,88001,GOLD_PRO_TP1 / [tp 4193.26000]
1355571910,GOLD_PRO_TP2,XAUUSDm,SELL,2026-06-09 21:51:16,2026-06-10 05:37:49,0.01,0.01,4264.97,4183.577,81.39,0.0,0.0,"0,88001",GOLD_PRO_TP2
1355571912,GOLD_PRO_TP3,XAUUSDm,SELL,2026-06-09 21:51:16,2026-06-10 05:37:49,0.01,0.01,4264.97,4183.577,81.39,0.0,0.0,"0,88001",GOLD_PRO_TP3
1355578200,GOLD_PRO_TP1,XAUUSDm,SELL,2026-06-09 21:53:09,2026-06-10 04:04:35,0.01,0.01,4267.7,4195.99,71.71,0.0,0.0,88001,GOLD_PRO_TP1 / [tp 4195.99000]
1355578201,GOLD_PRO_TP2,XAUUSDm,SELL,2026-06-09 21:53:09,2026-06-10 05:37:49,0.01,0.01,4267.7,4183.577,84.12,0.0,0.0,"0,88001",GOLD_PRO_TP2
1355578212,GOLD_PRO_TP3,XAUUSDm,SELL,2026-06-09 21:53:09,2026-06-10 05:37:49,0.01,0.01,4267.7,4183.577,84.12,0.0,0.0,"0,88001",GOLD_PRO_TP3
1355605918,GOLD_PRO_TP1,XAUUSDm,SELL,2026-06-09 22:00:19,2026-06-10 01:47:12,0.01,0.01,4268.71,4240.39,28.32,0.0,0.0,88001,GOLD_PRO_TP1 / [tp 4240.39000]
1355605921,GOLD_PRO_TP2,XAUUSDm,SELL,2026-06-09 22:00:19,2026-06-10 02:44:41,0.01,0.01,4268.655,4217.69,50.97,0.0,0.0,88001,GOLD_PRO_TP2 / [tp 4217.69000]
1355605924,GOLD_PRO_TP3,XAUUSDm,SELL,2026-06-09 22:00:19,2026-06-10 04:04:41,0.01,0.01,4268.71,4194.99,73.72,0.0,0.0,88001,GOLD_PRO_TP3 / [tp 4194.99000]
1355608134,GOLD_PRO_TP1,XAUUSDm,SELL,2026-06-09 22:00:33,2026-06-10 01:49:56,0.01,0.01,4267.698,4239.43,28.27,0.0,0.0,88001,GOLD_PRO_TP1 / [tp 4239.43000]
1355608143,GOLD_PRO_TP2,XAUUSDm,SELL,2026-06-09 22:00:33,2026-06-10 02:44:42,0.01,0.01,4267.698,4216.65,51.05,0.0,0.0,88001,GOLD_PRO_TP2 / [tp 4216.65000]
1355608154,GOLD_PRO_TP3,XAUUSDm,SELL,2026-06-09 22:00:33,2026-06-10 04:05:07,0.01,0.01,4267.698,4193.88,73.82,0.0,0.0,88001,GOLD_PRO_TP3 / [tp 4193.88000]
1355608186,GOLD_PRO_TP1,XAUUSDm,SELL,2026-06-09 22:00:33,2026-06-10 01:49:56,0.01,0.01,4267.698,4239.43,28.27,0.0,0.0,88001,GOLD_PRO_TP1 / [tp 4239.43000]
1355608189,GOLD_PRO_TP2,XAUUSDm,SELL,2026-06-09 22:00:33,2026-06-10 02:44:42,0.01,0.01,4267.698,4216.65,51.05,0.0,0.0,88001,GOLD_PRO_TP2 / [tp 4216.65000]
1355615293,GOLD_PRO_TP1,XAUUSDm,SELL,2026-06-09 22:02:37,2026-06-10 01:47:12,0.01,0.01,4268.95,4240.37,28.58,0.0,0.0,88001,GOLD_PRO_TP1 / [tp 4240.37000]
1355615295,GOLD_PRO_TP2,XAUUSDm,SELL,2026-06-09 22:02:37,2026-06-10 02:44:42,0.01,0.01,4268.95,4217.5,51.45,0.0,0.0,88001,GOLD_PRO_TP2 / [tp 4217.50000]
1355615300,GOLD_PRO_TP3,XAUUSDm,SELL,2026-06-09 22:02:37,2026-06-10 04:05:00,0.01,0.01,4268.95,4194.63,74.32,0.0,0.0,88001,GOLD_PRO_TP3 / [tp 4194.63000]
1355616298,GOLD_PRO_TP2,XAUUSDm,SELL,2026-06-09 22:03:01,2026-06-10 02:44:42,0.01,0.01,4268.305,4216.96,51.35,0.0,0.0,88001,GOLD_PRO_TP2 / [tp 4216.96000]
1355616300,GOLD_PRO_TP3,XAUUSDm,SELL,2026-06-09 22:03:01,2026-06-10 04:05:05,0.01,0.01,4268.305,4194.09,74.22,0.0,0.0,88001,GOLD_PRO_TP3 / [tp 4194.09000]
1355745876,GOLD_PRO_TP1,USDJPYm,BUY,2026-06-09 22:36:28,2026-06-10 05:37:48,0.01,0.01,160.405,160.338,-0.42,0.0,0.0,"0,88001",GOLD_PRO_TP1
1355745878,GOLD_PRO_TP2,USDJPYm,BUY,2026-06-09 22:36:28,2026-06-10 05:37:48,0.01,0.01,160.405,160.338,-0.42,0.0,0.0,"0,88001",GOLD_PRO_TP2
1355745880,GOLD_PRO_TP3,USDJPYm,BUY,2026-06-09 22:36:28,2026-06-10 05:37:48,0.01,0.01,160.405,160.338,-0.42,0.0,0.0,"0,88001",GOLD_PRO_TP3
1355866206,GOLD_PRO_TP1,XAUUSDm,SELL,2026-06-09 23:06:24,2026-06-10 02:17:55,0.01,0.01,4258.89,4229.92,28.97,0.0,0.0,88001,GOLD_PRO_TP1 / [tp 4229.92000]
1355866209,GOLD_PRO_TP2,XAUUSDm,SELL,2026-06-09 23:06:24,2026-06-10 03:34:36,0.01,0.01,4258.89,4206.75,52.14,0.0,0.0,88001,GOLD_PRO_TP2 / [tp 4206.75000]
1355866213,GOLD_PRO_TP3,XAUUSDm,SELL,2026-06-09 23:06:24,2026-06-10 05:06:03,0.01,0.01,4258.89,4183.58,75.31,0.0,0.0,88001,GOLD_PRO_TP3 / [tp 4183.58000]
1355874142,GOLD_PRO_TP1,XAUUSDm,SELL,2026-06-09 23:10:24,2026-06-10 04:05:45,0.01,0.01,4257.125,4189.2,67.93,0.0,0.0,88001,GOLD_PRO_TP1 / [tp 4189.20000]
1355874144,GOLD_PRO_TP2,XAUUSDm,SELL,2026-06-09 23:10:24,2026-06-10 05:37:49,0.01,0.01,4257.125,4183.577,73.55,0.0,0.0,"0,88001",GOLD_PRO_TP2
1355874145,GOLD_PRO_TP3,XAUUSDm,SELL,2026-06-09 23:10:24,2026-06-10 05:37:49,0.01,0.01,4257.125,4183.471,73.66,0.0,0.0,"0,88001",GOLD_PRO_TP3
1355874148,GOLD_PRO_TP1,XAUUSDm,SELL,2026-06-09 23:10:24,2026-06-10 04:05:45,0.01,0.01,4257.125,4189.2,67.93,0.0,0.0,88001,GOLD_PRO_TP1 / [tp 4189.20000]
1355874150,GOLD_PRO_TP2,XAUUSDm,SELL,2026-06-09 23:10:24,2026-06-10 05:37:49,0.01,0.01,4257.125,4183.471,73.66,0.0,0.0,"0,88001",GOLD_PRO_TP2
1355874152,GOLD_PRO_TP3,XAUUSDm,SELL,2026-06-09 23:10:24,2026-06-10 05:37:49,0.01,0.01,4257.125,4183.471,73.66,0.0,0.0,"0,88001",GOLD_PRO_TP3
1355767814,GOLD_PRO_TP1,USDJPYm,BUY,2026-06-09 23:15:49,2026-06-10 05:37:48,0.01,0.01,160.383,160.338,-0.28,0.0,0.0,"0,88001",GOLD_PRO_TP1
1355767816,GOLD_PRO_TP2,USDJPYm,BUY,2026-06-09 23:15:49,2026-06-10 05:37:48,0.01,0.01,160.383,160.338,-0.28,0.0,0.0,"0,88001",GOLD_PRO_TP2
1355767820,GOLD_PRO_TP3,USDJPYm,BUY,2026-06-09 23:15:49,2026-06-10 05:37:48,0.01,0.01,160.383,160.338,-0.28,0.0,0.0,"0,88001",GOLD_PRO_TP3
1355766353,GOLD_PRO_TP1,USDJPYm,BUY,2026-06-09 23:22:33,2026-06-10 05:37:48,0.01,0.01,160.382,160.338,-0.27,0.0,0.0,"0,88001",GOLD_PRO_TP1
1355766359,GOLD_PRO_TP2,USDJPYm,BUY,2026-06-09 23:22:33,2026-06-10 05:37:48,0.01,0.01,160.382,160.338,-0.27,0.0,0.0,"0,88001",GOLD_PRO_TP2
1355766361,GOLD_PRO_TP3,USDJPYm,BUY,2026-06-09 23:22:33,2026-06-10 05:37:48,0.01,0.01,160.382,160.338,-0.27,0.0,0.0,"0,88001",GOLD_PRO_TP3
1355767803,GOLD_PRO_TP1,USDJPYm,BUY,2026-06-09 23:22:33,2026-06-10 05:37:48,0.01,0.01,160.382,160.338,-0.27,0.0,0.0,"0,88001",GOLD_PRO_TP1
1355767804,GOLD_PRO_TP2,USDJPYm,BUY,2026-06-09 23:22:33,2026-06-10 05:37:48,0.01,0.01,160.382,160.338,-0.27,0.0,0.0,"0,88001",GOLD_PRO_TP2
1355767809,GOLD_PRO_TP3,USDJPYm,BUY,2026-06-09 23:22:33,2026-06-10 05:37:48,0.01,0.01,160.382,160.338,-0.27,0.0,0.0,"0,88001",GOLD_PRO_TP3
1355914456,GOLD_PRO_TP1,XAUUSDm,SELL,2026-06-09 23:30:51,2026-06-10 02:17:56,0.01,0.01,4257.973,4229.26,28.71,0.0,0.0,88001,GOLD_PRO_TP1 / [tp 4229.26000]
1355914457,GOLD_PRO_TP2,XAUUSDm,SELL,2026-06-09 23:30:51,2026-06-10 03:35:15,0.01,0.01,4257.973,4206.09,51.88,0.0,0.0,88001,GOLD_PRO_TP2 / [tp 4206.09000]
1355914459,GOLD_PRO_TP3,XAUUSDm,SELL,2026-06-09 23:30:51,2026-06-10 05:06:30,0.01,0.01,4257.973,4182.92,75.05,0.0,0.0,88001,GOLD_PRO_TP3 / [tp 4182.92000]
1355914776,GOLD_PRO_TP1,XAUUSDm,SELL,2026-06-09 23:31:57,2026-06-10 02:18:01,0.01,0.01,4258.1,4229.13,28.97,0.0,0.0,88001,GOLD_PRO_TP1 / [tp 4229.13000]
1355914778,GOLD_PRO_TP2,XAUUSDm,SELL,2026-06-09 23:31:57,2026-06-10 03:35:15,0.01,0.01,4258.1,4205.96,52.14,0.0,0.0,88001,GOLD_PRO_TP2 / [tp 4205.96000]
1355914779,GOLD_PRO_TP3,XAUUSDm,SELL,2026-06-09 23:31:57,2026-06-10 05:06:50,0.01,0.01,4258.1,4182.79,75.31,0.0,0.0,88001,GOLD_PRO_TP3 / [tp 4182.79000]
1355916989,GOLD_PRO_TP1,XAUUSDm,SELL,2026-06-09 23:33:09,2026-06-10 02:18:01,0.01,0.01,4257.992,4229.1,28.89,0.0,0.0,88001,GOLD_PRO_TP1 / [tp 4229.10000]
1355916990,GOLD_PRO_TP2,XAUUSDm,SELL,2026-06-09 23:33:09,2026-06-10 03:35:21,0.01,0.01,4257.992,4205.93,52.06,0.0,0.0,88001,GOLD_PRO_TP2 / [tp 4205.93000]
1355916991,GOLD_PRO_TP3,XAUUSDm,SELL,2026-06-09 23:33:09,2026-06-10 05:06:50,0.01,0.01,4257.992,4182.76,75.23,0.0,0.0,88001,GOLD_PRO_TP3 / [tp 4182.76000]
1355957833,GOLD_PRO_TP2,BTCUSDm,SELL,2026-06-10 00:01:26,2026-06-10 05:37:46,0.01,0.01,62106.47,61361.18,7.45,0.0,0.0,"0,88001",GOLD_PRO_TP2
1355957834,GOLD_PRO_TP3,BTCUSDm,SELL,2026-06-10 00:01:26,2026-06-10 05:37:46,0.01,0.01,62106.47,61361.18,7.45,0.0,0.0,"0,88001",GOLD_PRO_TP3
1355957895,GOLD_PRO_TP2,BTCUSDm,SELL,2026-06-10 00:01:42,2026-06-10 05:37:46,0.01,0.01,62102.37,61361.18,7.41,0.0,0.0,"0,88001",GOLD_PRO_TP2
1355957896,GOLD_PRO_TP3,BTCUSDm,SELL,2026-06-10 00:01:42,2026-06-10 05:37:46,0.01,0.01,62102.37,61361.18,7.41,0.0,0.0,"0,88001",GOLD_PRO_TP3
1355959216,GOLD_PRO_TP2,BTCUSDm,SELL,2026-06-10 00:05:21,2026-06-10 05:37:46,0.01,0.01,62020.48,61361.18,6.59,0.0,0.0,"0,88001",GOLD_PRO_TP2
1355959217,GOLD_PRO_TP3,BTCUSDm,SELL,2026-06-10 00:05:21,2026-06-10 05:37:46,0.01,0.01,62020.48,61361.18,6.59,0.0,0.0,"0,88001",GOLD_PRO_TP3
1355959342,GOLD_PRO_TP2,BTCUSDm,SELL,2026-06-10 00:06:05,2026-06-10 05:37:46,0.01,0.01,62025.46,61361.18,6.64,0.0,0.0,"0,88001",GOLD_PRO_TP2
1355959344,GOLD_PRO_TP3,BTCUSDm,SELL,2026-06-10 00:06:05,2026-06-10 05:37:46,0.01,0.01,62025.46,61361.18,6.64,0.0,0.0,"0,88001",GOLD_PRO_TP3
1355959493,GOLD_PRO_TP2,BTCUSDm,SELL,2026-06-10 00:06:05,2026-06-10 05:37:46,0.01,0.01,62025.46,61361.18,6.64,0.0,0.0,"0,88001",GOLD_PRO_TP2
1355959494,GOLD_PRO_TP3,BTCUSDm,SELL,2026-06-10 00:06:05,2026-06-10 05:37:46,0.01,0.01,62025.46,61361.18,6.64,0.0,0.0,"0,88001",GOLD_PRO_TP3
1355959370,GOLD_PRO_TP2,BTCUSDm,SELL,2026-06-10 00:06:12,2026-06-10 05:37:46,0.01,0.01,62029.58,61361.18,6.69,0.0,0.0,"0,88001",GOLD_PRO_TP2
1355959371,GOLD_PRO_TP3,BTCUSDm,SELL,2026-06-10 00:06:12,2026-06-10 05:37:46,0.01,0.01,62029.58,61361.18,6.69,0.0,0.0,"0,88001",GOLD_PRO_TP3
1355959590,GOLD_PRO_TP2,BTCUSDm,SELL,2026-06-10 00:06:12,2026-06-10 05:37:46,0.01,0.01,62028.83,61361.18,6.68,0.0,0.0,"0,88001",GOLD_PRO_TP2
1355959591,GOLD_PRO_TP3,BTCUSDm,SELL,2026-06-10 00:06:12,2026-06-10 05:37:46,0.01,0.01,62028.83,61361.18,6.68,0.0,0.0,"0,88001",GOLD_PRO_TP3
1355959659,GOLD_PRO_TP1,BTCUSDm,SELL,2026-06-10 00:06:47,2026-06-10 05:17:00,0.01,0.01,62041.02,61398.63,6.42,0.0,0.0,88001,GOLD_PRO_TP1 / [tp 61398.63000]
1355959660,GOLD_PRO_TP2,BTCUSDm,SELL,2026-06-10 00:06:47,2026-06-10 05:37:46,0.01,0.01,62041.02,61361.18,6.8,0.0,0.0,"0,88001",GOLD_PRO_TP2
1355959661,GOLD_PRO_TP3,BTCUSDm,SELL,2026-06-10 00:06:47,2026-06-10 05:37:46,0.01,0.01,62041.02,61361.18,6.8,0.0,0.0,"0,88001",GOLD_PRO_TP3
1355959749,GOLD_PRO_TP3,BTCUSDm,SELL,2026-06-10 00:06:52,2026-06-10 05:37:46,0.01,0.01,62042.42,61361.18,6.81,0.0,0.0,"0,88001",GOLD_PRO_TP3
1355959940,GOLD_PRO_TP2,BTCUSDm,SELL,2026-06-10 00:07:32,2026-06-10 05:37:46,0.01,0.01,62067.51,61361.18,7.07,0.0,0.0,"0,88001",GOLD_PRO_TP2
1355959941,GOLD_PRO_TP3,BTCUSDm,SELL,2026-06-10 00:07:32,2026-06-10 05:37:46,0.01,0.01,62067.51,61361.18,7.07,0.0,0.0,"0,88001",GOLD_PRO_TP3
1355960146,GOLD_PRO_TP3,BTCUSDm,SELL,2026-06-10 00:08:24,2026-06-10 05:37:46,0.01,0.01,62054.74,61361.18,6.94,0.0,0.0,"0,88001",GOLD_PRO_TP3
1355959812,GOLD_PRO_TP3,BTCUSDm,SELL,2026-06-10 00:08:32,2026-06-10 05:37:46,0.01,0.01,62050.44,61361.18,6.89,0.0,0.0,"0,88001",GOLD_PRO_TP3
1355960264,GOLD_PRO_TP3,BTCUSDm,SELL,2026-06-10 00:09:01,2026-06-10 05:37:46,0.01,0.01,62045.04,61361.18,6.84,0.0,0.0,"0,88001",GOLD_PRO_TP3
1355960193,GOLD_PRO_TP2,BTCUSDm,SELL,2026-06-10 00:09:11,2026-06-10 05:37:46,0.01,0.01,62058.52,61361.18,6.98,0.0,0.0,"0,88001",GOLD_PRO_TP2
1355960194,GOLD_PRO_TP3,BTCUSDm,SELL,2026-06-10 00:09:11,2026-06-10 05:37:46,0.01,0.01,62058.52,61361.18,6.98,0.0,0.0,"0,88001",GOLD_PRO_TP3
1355960330,GOLD_PRO_TP2,BTCUSDm,SELL,2026-06-10 00:09:31,2026-06-10 05:37:46,0.01,0.01,62072.06,61361.18,7.11,0.0,0.0,"0,88001",GOLD_PRO_TP2
1355960331,GOLD_PRO_TP3,BTCUSDm,SELL,2026-06-10 00:09:31,2026-06-10 05:37:46,0.01,0.01,62072.06,61361.18,7.11,0.0,0.0,"0,88001",GOLD_PRO_TP3
1355960052,GOLD_PRO_TP3,BTCUSDm,SELL,2026-06-10 00:09:57,2026-06-10 05:37:46,0.01,0.01,62074.83,61361.18,7.14,0.0,0.0,"0,88001",GOLD_PRO_TP3
1355960361,GOLD_PRO_TP2,BTCUSDm,SELL,2026-06-10 00:09:57,2026-06-10 05:37:46,0.01,0.01,62072.94,61361.18,7.12,0.0,0.0,"0,88001",GOLD_PRO_TP2
1355960362,GOLD_PRO_TP3,BTCUSDm,SELL,2026-06-10 00:09:57,2026-06-10 05:37:46,0.01,0.01,62072.94,61361.18,7.12,0.0,0.0,"0,88001",GOLD_PRO_TP3
1355960394,GOLD_PRO_TP2,BTCUSDm,SELL,2026-06-10 00:10:29,2026-06-10 05:37:46,0.01,0.01,62065.85,61361.18,7.05,0.0,0.0,"0,88001",GOLD_PRO_TP2
1355960395,GOLD_PRO_TP3,BTCUSDm,SELL,2026-06-10 00:10:29,2026-06-10 05:37:46,0.01,0.01,62065.85,61361.18,7.05,0.0,0.0,"0,88001",GOLD_PRO_TP3
1355960705,GOLD_PRO_TP2,BTCUSDm,SELL,2026-06-10 00:11:06,2026-06-10 05:37:46,0.01,0.01,62074.63,61361.18,7.14,0.0,0.0,"0,88001",GOLD_PRO_TP2
1355960706,GOLD_PRO_TP3,BTCUSDm,SELL,2026-06-10 00:11:06,2026-06-10 05:37:46,0.01,0.01,62074.63,61361.18,7.14,0.0,0.0,"0,88001",GOLD_PRO_TP3
1355960805,GOLD_PRO_TP2,BTCUSDm,SELL,2026-06-10 00:11:31,2026-06-10 05:37:46,0.01,0.01,62075.15,61361.18,7.14,0.0,0.0,"0,88001",GOLD_PRO_TP2
1355960807,GOLD_PRO_TP3,BTCUSDm,SELL,2026-06-10 00:11:31,2026-06-10 05:37:46,0.01,0.01,62075.15,61361.18,7.14,0.0,0.0,"0,88001",GOLD_PRO_TP3
1355960898,GOLD_PRO_TP2,BTCUSDm,SELL,2026-06-10 00:12:06,2026-06-10 05:37:46,0.01,0.01,62076.56,61361.18,7.16,0.0,0.0,"0,88001",GOLD_PRO_TP2
1355960899,GOLD_PRO_TP3,BTCUSDm,SELL,2026-06-10 00:12:06,2026-06-10 05:37:46,0.01,0.01,62076.56,61361.18,7.16,0.0,0.0,"0,88001",GOLD_PRO_TP3
1355960860,GOLD_PRO_TP2,BTCUSDm,SELL,2026-06-10 00:12:14,2026-06-10 05:37:46,0.01,0.01,62088.57,61361.18,7.28,0.0,0.0,"0,88001",GOLD_PRO_TP2
1355960863,GOLD_PRO_TP3,BTCUSDm,SELL,2026-06-10 00:12:14,2026-06-10 05:37:46,0.01,0.01,62088.57,61361.18,7.28,0.0,0.0,"0,88001",GOLD_PRO_TP3
1355960983,GOLD_PRO_TP2,BTCUSDm,SELL,2026-06-10 00:12:35,2026-06-10 05:37:46,0.01,0.01,62088.95,61361.18,7.28,0.0,0.0,"0,88001",GOLD_PRO_TP2
1355960984,GOLD_PRO_TP3,BTCUSDm,SELL,2026-06-10 00:12:35,2026-06-10 05:37:46,0.01,0.01,62088.95,61361.18,7.28,0.0,0.0,"0,88001",GOLD_PRO_TP3
1355961044,GOLD_PRO_TP2,BTCUSDm,SELL,2026-06-10 00:12:46,2026-06-10 05:37:46,0.01,0.01,62075.69,61361.18,7.15,0.0,0.0,"0,88001",GOLD_PRO_TP2
1355961047,GOLD_PRO_TP3,BTCUSDm,SELL,2026-06-10 00:12:46,2026-06-10 05:37:46,0.01,0.01,62075.69,61361.18,7.15,0.0,0.0,"0,88001",GOLD_PRO_TP3
1355960664,GOLD_PRO_TP2,BTCUSDm,SELL,2026-06-10 00:12:59,2026-06-10 05:37:46,0.01,0.01,62066.08,61361.18,7.05,0.0,0.0,"0,88001",GOLD_PRO_TP2
1355960665,GOLD_PRO_TP3,BTCUSDm,SELL,2026-06-10 00:12:59,2026-06-10 05:37:46,0.01,0.01,62066.08,61361.18,7.05,0.0,0.0,"0,88001",GOLD_PRO_TP3
1355961115,GOLD_PRO_TP3,BTCUSDm,SELL,2026-06-10 00:13:11,2026-06-10 05:37:46,0.01,0.01,62083.09,61361.18,7.22,0.0,0.0,"0,88001",GOLD_PRO_TP3
1355961386,GOLD_PRO_TP2,BTCUSDm,SELL,2026-06-10 00:13:39,2026-06-10 05:37:46,0.01,0.01,62061.39,61361.18,7.0,0.0,0.0,"0,88001",GOLD_PRO_TP2
1355961387,GOLD_PRO_TP3,BTCUSDm,SELL,2026-06-10 00:13:39,2026-06-10 05:37:46,0.01,0.01,62061.39,61361.18,7.0,0.0,0.0,"0,88001",GOLD_PRO_TP3
1355961431,GOLD_PRO_TP3,BTCUSDm,SELL,2026-06-10 00:14:13,2026-06-10 05:37:46,0.01,0.01,62053.66,61361.18,6.93,0.0,0.0,"0,88001",GOLD_PRO_TP3
1355961580,GOLD_PRO_TP2,BTCUSDm,SELL,2026-06-10 00:14:13,2026-06-10 05:37:46,0.01,0.01,62053.66,61361.18,6.93,0.0,0.0,"0,88001",GOLD_PRO_TP2
1355961581,GOLD_PRO_TP3,BTCUSDm,SELL,2026-06-10 00:14:13,2026-06-10 05:37:46,0.01,0.01,62053.66,61361.18,6.93,0.0,0.0,"0,88001",GOLD_PRO_TP3
1355961837,GOLD_PRO_TP2,BTCUSDm,SELL,2026-06-10 00:14:45,2026-06-10 05:37:46,0.01,0.01,62069.81,61361.18,7.09,0.0,0.0,"0,88001",GOLD_PRO_TP2
1355961839,GOLD_PRO_TP3,BTCUSDm,SELL,2026-06-10 00:14:45,2026-06-10 05:37:46,0.01,0.01,62069.81,61361.18,7.09,0.0,0.0,"0,88001",GOLD_PRO_TP3
1355962032,GOLD_PRO_TP2,BTCUSDm,SELL,2026-06-10 00:14:52,2026-06-10 05:37:46,0.01,0.01,62074.99,61361.18,7.14,0.0,0.0,"0,88001",GOLD_PRO_TP2
1355962033,GOLD_PRO_TP3,BTCUSDm,SELL,2026-06-10 00:14:52,2026-06-10 05:37:46,0.01,0.01,62074.99,61361.18,7.14,0.0,0.0,"0,88001",GOLD_PRO_TP3
1355962179,GOLD_PRO_TP3,BTCUSDm,SELL,2026-06-10 00:15:24,2026-06-10 05:37:46,0.01,0.01,62097.09,61361.18,7.36,0.0,0.0,"0,88001",GOLD_PRO_TP3
1355962260,GOLD_PRO_TP2,BTCUSDm,SELL,2026-06-10 00:15:40,2026-06-10 05:37:46,0.01,0.01,62067.23,61361.18,7.06,0.0,0.0,"0,88001",GOLD_PRO_TP2
1355962261,GOLD_PRO_TP3,BTCUSDm,SELL,2026-06-10 00:15:40,2026-06-10 05:37:46,0.01,0.01,62067.23,61361.18,7.06,0.0,0.0,"0,88001",GOLD_PRO_TP3
1355959651,GOLD_PRO_TP2,BTCUSDm,SELL,2026-06-10 00:16:18,2026-06-10 05:37:46,0.01,0.01,62033.08,61361.18,6.72,0.0,0.0,"0,88001",GOLD_PRO_TP2
1355959652,GOLD_PRO_TP3,BTCUSDm,SELL,2026-06-10 00:16:18,2026-06-10 05:37:46,0.01,0.01,62033.08,61361.18,6.72,0.0,0.0,"0,88001",GOLD_PRO_TP3
1355962853,GOLD_PRO_TP2,BTCUSDm,SELL,2026-06-10 00:16:46,2026-06-10 05:37:46,0.01,0.01,62015.1,61361.18,6.54,0.0,0.0,"0,88001",GOLD_PRO_TP2
1355962855,GOLD_PRO_TP3,BTCUSDm,SELL,2026-06-10 00:16:46,2026-06-10 05:37:46,0.01,0.01,62015.1,61361.18,6.54,0.0,0.0,"0,88001",GOLD_PRO_TP3
1355963061,GOLD_PRO_TP2,BTCUSDm,SELL,2026-06-10 00:17:33,2026-06-10 05:37:46,0.01,0.01,62006.26,61361.18,6.45,0.0,0.0,"0,88001",GOLD_PRO_TP2
1355963062,GOLD_PRO_TP3,BTCUSDm,SELL,2026-06-10 00:17:33,2026-06-10 05:37:46,0.01,0.01,62006.26,61361.18,6.45,0.0,0.0,"0,88001",GOLD_PRO_TP3
1355963557,GOLD_PRO_TP3,BTCUSDm,SELL,2026-06-10 00:18:32,2026-06-10 05:37:46,0.01,0.01,61962.19,61361.18,6.01,0.0,0.0,"0,88001",GOLD_PRO_TP3
1355963911,GOLD_PRO_TP3,BTCUSDm,SELL,2026-06-10 00:19:02,2026-06-10 05:37:46,0.01,0.01,61943.98,61361.18,5.83,0.0,0.0,"0,88001",GOLD_PRO_TP3
1355964406,GOLD_PRO_TP2,BTCUSDm,SELL,2026-06-10 00:20:08,2026-06-10 05:37:46,0.01,0.01,61917.89,61361.18,5.57,0.0,0.0,"0,88001",GOLD_PRO_TP2
1355964407,GOLD_PRO_TP3,BTCUSDm,SELL,2026-06-10 00:20:08,2026-06-10 05:37:46,0.01,0.01,61917.89,61361.18,5.57,0.0,0.0,"0,88001",GOLD_PRO_TP3
1355965129,GOLD_PRO_TP2,BTCUSDm,SELL,2026-06-10 00:21:00,2026-06-10 05:37:46,0.01,0.01,61874.05,61361.18,5.13,0.0,0.0,"0,88001",GOLD_PRO_TP2
1355965130,GOLD_PRO_TP3,BTCUSDm,SELL,2026-06-10 00:21:00,2026-06-10 05:37:47,0.01,0.01,61874.05,61361.18,5.13,0.0,0.0,"0,88001",GOLD_PRO_TP3
1355965222,GOLD_PRO_TP2,BTCUSDm,SELL,2026-06-10 00:21:09,2026-06-10 05:37:47,0.01,0.01,61865.2,61361.18,5.04,0.0,0.0,"0,88001",GOLD_PRO_TP2
1355965223,GOLD_PRO_TP3,BTCUSDm,SELL,2026-06-10 00:21:09,2026-06-10 05:37:47,0.01,0.01,61865.2,61361.18,5.04,0.0,0.0,"0,88001",GOLD_PRO_TP3
1355965492,GOLD_PRO_TP2,BTCUSDm,SELL,2026-06-10 00:21:53,2026-06-10 05:37:47,0.01,0.01,61862.15,61361.18,5.01,0.0,0.0,"0,88001",GOLD_PRO_TP2
1355965493,GOLD_PRO_TP3,BTCUSDm,SELL,2026-06-10 00:21:54,2026-06-10 05:37:47,0.01,0.01,61862.15,61361.18,5.01,0.0,0.0,"0,88001",GOLD_PRO_TP3
1355965002,GOLD_PRO_TP2,BTCUSDm,SELL,2026-06-10 00:22:01,2026-06-10 05:37:46,0.01,0.01,61834.81,61361.18,4.74,0.0,0.0,"0,88001",GOLD_PRO_TP2
1355965004,GOLD_PRO_TP3,BTCUSDm,SELL,2026-06-10 00:22:01,2026-06-10 05:37:46,0.01,0.01,61834.81,61361.18,4.74,0.0,0.0,"0,88001",GOLD_PRO_TP3
1355965930,GOLD_PRO_TP3,BTCUSDm,SELL,2026-06-10 00:22:14,2026-06-10 05:37:47,0.01,0.01,61778.27,61361.18,4.17,0.0,0.0,"0,88001",GOLD_PRO_TP3
1355965685,GOLD_PRO_TP2,BTCUSDm,SELL,2026-06-10 00:22:47,2026-06-10 05:37:47,0.01,0.01,61862.15,61361.18,5.01,0.0,0.0,"0,88001",GOLD_PRO_TP2
1355965687,GOLD_PRO_TP3,BTCUSDm,SELL,2026-06-10 00:22:47,2026-06-10 05:37:47,0.01,0.01,61862.15,61361.18,5.01,0.0,0.0,"0,88001",GOLD_PRO_TP3
1355967091,GOLD_PRO_TP2,BTCUSDm,SELL,2026-06-10 00:23:17,2026-06-10 05:37:47,0.01,0.01,61865.64,61361.18,5.05,0.0,0.0,"0,88001",GOLD_PRO_TP2
1355967092,GOLD_PRO_TP3,BTCUSDm,SELL,2026-06-10 00:23:17,2026-06-10 05:37:47,0.01,0.01,61865.64,61361.18,5.05,0.0,0.0,"0,88001",GOLD_PRO_TP3
1355967325,GOLD_PRO_TP2,BTCUSDm,SELL,2026-06-10 00:24:10,2026-06-10 05:37:47,0.01,0.01,61870.69,61361.18,5.1,0.0,0.0,"0,88001",GOLD_PRO_TP2
1355967326,GOLD_PRO_TP3,BTCUSDm,SELL,2026-06-10 00:24:10,2026-06-10 05:37:47,0.01,0.01,61870.69,61361.18,5.1,0.0,0.0,"0,88001",GOLD_PRO_TP3
1355967269,GOLD_PRO_TP2,BTCUSDm,SELL,2026-06-10 00:24:26,2026-06-10 05:37:47,0.01,0.01,61873.44,61361.18,5.12,0.0,0.0,"0,88001",GOLD_PRO_TP2
1355967271,GOLD_PRO_TP3,BTCUSDm,SELL,2026-06-10 00:24:26,2026-06-10 05:37:47,0.01,0.01,61873.44,61361.18,5.12,0.0,0.0,"0,88001",GOLD_PRO_TP3
1355967366,GOLD_PRO_TP2,BTCUSDm,SELL,2026-06-10 00:24:31,2026-06-10 05:37:47,0.01,0.01,61865.29,61361.18,5.04,0.0,0.0,"0,88001",GOLD_PRO_TP2
1355967367,GOLD_PRO_TP3,BTCUSDm,SELL,2026-06-10 00:24:31,2026-06-10 05:37:47,0.01,0.01,61865.29,61361.18,5.04,0.0,0.0,"0,88001",GOLD_PRO_TP3
1355967445,GOLD_PRO_TP2,BTCUSDm,SELL,2026-06-10 00:24:49,2026-06-10 05:37:47,0.01,0.01,61872.76,61361.18,5.12,0.0,0.0,"0,88001",GOLD_PRO_TP2
1355967446,GOLD_PRO_TP3,BTCUSDm,SELL,2026-06-10 00:24:49,2026-06-10 05:37:47,0.01,0.01,61872.76,61361.18,5.12,0.0,0.0,"0,88001",GOLD_PRO_TP3
1355967564,GOLD_PRO_TP2,BTCUSDm,SELL,2026-06-10 00:25:38,2026-06-10 05:37:47,0.01,0.01,61856.33,61361.18,4.95,0.0,0.0,"0,88001",GOLD_PRO_TP2
1355967565,GOLD_PRO_TP3,BTCUSDm,SELL,2026-06-10 00:25:38,2026-06-10 05:37:47,0.01,0.01,61856.33,61361.18,4.95,0.0,0.0,"0,88001",GOLD_PRO_TP3
1355966820,GOLD_PRO_TP2,BTCUSDm,SELL,2026-06-10 00:25:39,2026-06-10 05:37:47,0.01,0.01,61835.01,61361.18,4.74,0.0,0.0,"0,88001",GOLD_PRO_TP2
1355966822,GOLD_PRO_TP3,BTCUSDm,SELL,2026-06-10 00:25:39,2026-06-10 05:37:47,0.01,0.01,61835.01,61361.18,4.74,0.0,0.0,"0,88001",GOLD_PRO_TP3
1355967950,GOLD_PRO_TP3,BTCUSDm,SELL,2026-06-10 00:26:10,2026-06-10 05:37:47,0.01,0.01,61806.78,61361.18,4.46,0.0,0.0,"0,88001",GOLD_PRO_TP3
1355967722,GOLD_PRO_TP2,BTCUSDm,SELL,2026-06-10 00:26:20,2026-06-10 05:37:47,0.01,0.01,61797.66,61361.18,4.37,0.0,0.0,"0,88001",GOLD_PRO_TP2
1355967723,GOLD_PRO_TP3,BTCUSDm,SELL,2026-06-10 00:26:20,2026-06-10 05:37:47,0.01,0.01,61797.66,61361.18,4.37,0.0,0.0,"0,88001",GOLD_PRO_TP3
1355967989,GOLD_PRO_TP2,BTCUSDm,SELL,2026-06-10 00:26:27,2026-06-10 05:37:47,0.01,0.01,61806.34,61361.18,4.45,0.0,0.0,"0,88001",GOLD_PRO_TP2
1355967990,GOLD_PRO_TP3,BTCUSDm,SELL,2026-06-10 00:26:27,2026-06-10 05:37:47,0.01,0.01,61806.34,61361.18,4.45,0.0,0.0,"0,88001",GOLD_PRO_TP3
1355968317,GOLD_PRO_TP2,BTCUSDm,SELL,2026-06-10 00:27:36,2026-06-10 05:37:47,0.01,0.01,61785.9,61361.18,4.25,0.0,0.0,"0,88001",GOLD_PRO_TP2
1355968318,GOLD_PRO_TP3,BTCUSDm,SELL,2026-06-10 00:27:36,2026-06-10 05:37:47,0.01,0.01,61785.9,61361.18,4.25,0.0,0.0,"0,88001",GOLD_PRO_TP3
1355968717,GOLD_PRO_TP3,BTCUSDm,SELL,2026-06-10 00:28:06,2026-06-10 05:37:47,0.01,0.01,61767.49,61361.18,4.06,0.0,0.0,"0,88001",GOLD_PRO_TP3
1355969146,GOLD_PRO_TP2,BTCUSDm,SELL,2026-06-10 00:29:08,2026-06-10 05:37:47,0.01,0.01,61754.01,61361.18,3.93,0.0,0.0,"0,88001",GOLD_PRO_TP2
1355969147,GOLD_PRO_TP3,BTCUSDm,SELL,2026-06-10 00:29:08,2026-06-10 05:37:47,0.01,0.01,61754.01,61361.18,3.93,0.0,0.0,"0,88001",GOLD_PRO_TP3
1355968835,GOLD_PRO_TP3,BTCUSDm,SELL,2026-06-10 00:30:03,2026-06-10 05:37:47,0.01,0.01,61775.64,61361.18,4.15,0.0,0.0,"0,88001",GOLD_PRO_TP3
1355968284,GOLD_PRO_TP1,BTCUSDm,SELL,2026-06-10 00:30:11,2026-06-10 05:37:47,0.01,0.01,61789.54,61361.18,4.29,0.0,0.0,"0,88001",GOLD_PRO_TP1
1355968285,GOLD_PRO_TP2,BTCUSDm,SELL,2026-06-10 00:30:11,2026-06-10 05:37:47,0.01,0.01,61789.54,61361.18,4.29,0.0,0.0,"0,88001",GOLD_PRO_TP2
1355968286,GOLD_PRO_TP3,BTCUSDm,SELL,2026-06-10 00:30:11,2026-06-10 05:37:47,0.01,0.01,61789.54,61361.18,4.29,0.0,0.0,"0,88001",GOLD_PRO_TP3
1355969812,GOLD_PRO_TP1,BTCUSDm,SELL,2026-06-10 00:31:19,2026-06-10 05:37:47,0.01,0.01,61776.11,61361.18,4.15,0.0,0.0,"0,88001",GOLD_PRO_TP1
1355969813,GOLD_PRO_TP2,BTCUSDm,SELL,2026-06-10 00:31:19,2026-06-10 05:37:47,0.01,0.01,61776.11,61361.18,4.15,0.0,0.0,"0,88001",GOLD_PRO_TP2
1355969815,GOLD_PRO_TP3,BTCUSDm,SELL,2026-06-10 00:31:19,2026-06-10 05:37:47,0.01,0.01,61776.11,61361.18,4.15,0.0,0.0,"0,88001",GOLD_PRO_TP3
1355969420,GOLD_PRO_TP2,BTCUSDm,SELL,2026-06-10 00:31:44,2026-06-10 05:37:47,0.01,0.01,61753.27,61361.18,3.92,0.0,0.0,"0,88001",GOLD_PRO_TP2
1355969421,GOLD_PRO_TP3,BTCUSDm,SELL,2026-06-10 00:31:44,2026-06-10 05:37:47,0.01,0.01,61753.27,61361.18,3.92,0.0,0.0,"0,88001",GOLD_PRO_TP3
1355979876,GOLD_PRO_TP2,BTCUSDm,SELL,2026-06-10 00:54:45,2026-06-10 05:37:47,0.01,0.01,61667.22,61361.18,3.06,0.0,0.0,"0,88001",GOLD_PRO_TP2
1355979877,GOLD_PRO_TP3,BTCUSDm,SELL,2026-06-10 00:54:45,2026-06-10 05:37:47,0.01,0.01,61667.22,61361.18,3.06,0.0,0.0,"0,88001",GOLD_PRO_TP3
1355980756,GOLD_PRO_TP3,BTCUSDm,SELL,2026-06-10 00:55:49,2026-06-10 05:37:47,0.01,0.01,61664.08,61361.18,3.03,0.0,0.0,"0,88001",GOLD_PRO_TP3
1355973304,GOLD_PRO_TP1,USDJPYm,BUY,2026-06-10 00:57:08,2026-06-10 05:37:48,0.01,0.01,160.366,160.338,-0.17,0.0,0.0,"0,88001",GOLD_PRO_TP1
1355973305,GOLD_PRO_TP2,USDJPYm,BUY,2026-06-10 00:57:08,2026-06-10 05:37:48,0.01,0.01,160.366,160.338,-0.17,0.0,0.0,"0,88001",GOLD_PRO_TP2
1355973306,GOLD_PRO_TP3,USDJPYm,BUY,2026-06-10 00:57:08,2026-06-10 05:37:48,0.01,0.01,160.366,160.338,-0.17,0.0,0.0,"0,88001",GOLD_PRO_TP3
1355977107,GOLD_PRO_TP1,USDJPYm,BUY,2026-06-10 00:57:08,2026-06-10 05:37:48,0.01,0.01,160.366,160.338,-0.17,0.0,0.0,"0,88001",GOLD_PRO_TP1
1355977108,GOLD_PRO_TP2,USDJPYm,BUY,2026-06-10 00:57:08,2026-06-10 05:37:48,0.01,0.01,160.366,160.338,-0.17,0.0,0.0,"0,88001",GOLD_PRO_TP2
1355977109,GOLD_PRO_TP1,USDJPYm,BUY,2026-06-10 00:57:08,2026-06-10 05:37:48,0.01,0.01,160.366,160.338,-0.17,0.0,0.0,"0,88001",GOLD_PRO_TP1
1355977111,GOLD_PRO_TP3,USDJPYm,BUY,2026-06-10 00:57:08,2026-06-10 05:37:48,0.01,0.01,160.366,160.338,-0.17,0.0,0.0,"0,88001",GOLD_PRO_TP3
1355977112,GOLD_PRO_TP2,USDJPYm,BUY,2026-06-10 00:57:08,2026-06-10 05:37:48,0.01,0.01,160.366,160.338,-0.17,0.0,0.0,"0,88001",GOLD_PRO_TP2
1355977113,GOLD_PRO_TP3,USDJPYm,BUY,2026-06-10 00:57:08,2026-06-10 05:37:48,0.01,0.01,160.366,160.338,-0.17,0.0,0.0,"0,88001",GOLD_PRO_TP3
1355977130,GOLD_PRO_TP1,USDJPYm,BUY,2026-06-10 00:57:08,2026-06-10 05:37:48,0.01,0.01,160.366,160.338,-0.17,0.0,0.0,"0,88001",GOLD_PRO_TP1
1355977131,GOLD_PRO_TP2,USDJPYm,BUY,2026-06-10 00:57:08,2026-06-10 05:37:48,0.01,0.01,160.366,160.338,-0.17,0.0,0.0,"0,88001",GOLD_PRO_TP2
1355977132,GOLD_PRO_TP3,USDJPYm,BUY,2026-06-10 00:57:08,2026-06-10 05:37:48,0.01,0.01,160.366,160.338,-0.17,0.0,0.0,"0,88001",GOLD_PRO_TP3
1355981043,GOLD_PRO_TP3,BTCUSDm,SELL,2026-06-10 00:57:46,2026-06-10 05:37:47,0.01,0.01,61663.24,61361.18,3.02,0.0,0.0,"0,88001",GOLD_PRO_TP3
1355981633,GOLD_PRO_TP3,BTCUSDm,SELL,2026-06-10 01:02:23,2026-06-10 05:37:47,0.01,0.01,61652.63,61361.18,2.92,0.0,0.0,"0,88001",GOLD_PRO_TP3
1355967505,GOLD_PRO_TP2,BTCUSDm,SELL,2026-06-10 01:20:15,2026-06-10 05:37:47,0.01,0.01,61872.21,61361.18,5.11,0.0,0.0,"0,88001",GOLD_PRO_TP2
1355967506,GOLD_PRO_TP3,BTCUSDm,SELL,2026-06-10 01:20:15,2026-06-10 05:37:47,0.01,0.01,61872.21,61361.18,5.11,0.0,0.0,"0,88001",GOLD_PRO_TP3
1355967168,GOLD_PRO_TP2,BTCUSDm,SELL,2026-06-10 01:20:44,2026-06-10 05:37:47,0.01,0.01,61889.53,61361.18,5.29,0.0,0.0,"0,88001",GOLD_PRO_TP2
1355967170,GOLD_PRO_TP3,BTCUSDm,SELL,2026-06-10 01:20:44,2026-06-10 05:37:47,0.01,0.01,61889.53,61361.18,5.29,0.0,0.0,"0,88001",GOLD_PRO_TP3
1355964316,GOLD_PRO_TP2,BTCUSDm,SELL,2026-06-10 01:35:00,2026-06-10 05:37:46,0.01,0.01,61926.63,61361.18,5.66,0.0,0.0,"0,88001",GOLD_PRO_TP2
1355964317,GOLD_PRO_TP3,BTCUSDm,SELL,2026-06-10 01:35:00,2026-06-10 05:37:46,0.01,0.01,61926.63,61361.18,5.66,0.0,0.0,"0,88001",GOLD_PRO_TP3
1356221454,GOLD_PRO_TP2,BTCUSDm,SELL,2026-06-10 02:11:58,2026-06-10 05:37:47,0.01,0.01,61638.69,61361.18,2.78,0.0,0.0,"0,88001",GOLD_PRO_TP2
1356221455,GOLD_PRO_TP3,BTCUSDm,SELL,2026-06-10 02:11:58,2026-06-10 05:37:47,0.01,0.01,61638.69,61361.18,2.78,0.0,0.0,"0,88001",GOLD_PRO_TP3
1356225714,GOLD_PRO_TP2,BTCUSDm,SELL,2026-06-10 02:12:51,2026-06-10 05:37:47,0.01,0.01,61663.53,61361.18,3.03,0.0,0.0,"0,88001",GOLD_PRO_TP2
1356225716,GOLD_PRO_TP3,BTCUSDm,SELL,2026-06-10 02:12:51,2026-06-10 05:37:47,0.01,0.01,61663.53,61361.18,3.03,0.0,0.0,"0,88001",GOLD_PRO_TP3
1356225222,GOLD_PRO_TP2,BTCUSDm,SELL,2026-06-10 02:12:52,2026-06-10 05:37:47,0.01,0.01,61665.96,61361.18,3.05,0.0,0.0,"0,88001",GOLD_PRO_TP2
1356225251,GOLD_PRO_TP3,BTCUSDm,SELL,2026-06-10 02:12:52,2026-06-10 05:37:47,0.01,0.01,61665.96,61361.18,3.05,0.0,0.0,"0,88001",GOLD_PRO_TP3
1356228590,GOLD_PRO_TP2,ETHUSDm,SELL,2026-06-10 02:14:02,2026-06-10 05:37:48,0.1,0.1,1637.82,1624.98,1.28,0.0,0.0,"0,88001",GOLD_PRO_TP2
1356228593,GOLD_PRO_TP3,ETHUSDm,SELL,2026-06-10 02:14:02,2026-06-10 05:37:48,0.1,0.1,1637.82,1624.98,1.28,0.0,0.0,"0,88001",GOLD_PRO_TP3
1356221308,GOLD_PRO_TP2,BTCUSDm,SELL,2026-06-10 02:30:46,2026-06-10 05:37:47,0.01,0.01,61625.75,61361.18,2.65,0.0,0.0,"0,88001",GOLD_PRO_TP2
1356221309,GOLD_PRO_TP3,BTCUSDm,SELL,2026-06-10 02:30:46,2026-06-10 05:37:47,0.01,0.01,61625.75,61361.18,2.65,0.0,0.0,"0,88001",GOLD_PRO_TP3
1356221312,GOLD_PRO_TP1,BTCUSDm,SELL,2026-06-10 02:30:46,2026-06-10 05:37:47,0.01,0.01,61625.75,61361.18,2.65,0.0,0.0,"0,88001",GOLD_PRO_TP1
1356221313,GOLD_PRO_TP2,BTCUSDm,SELL,2026-06-10 02:30:46,2026-06-10 05:37:47,0.01,0.01,61625.75,61361.18,2.65,0.0,0.0,"0,88001",GOLD_PRO_TP2
1356221315,GOLD_PRO_TP3,BTCUSDm,SELL,2026-06-10 02:30:46,2026-06-10 05:37:47,0.01,0.01,61625.75,61361.18,2.65,0.0,0.0,"0,88001",GOLD_PRO_TP3
1356220495,GOLD_PRO_TP1,BTCUSDm,SELL,2026-06-10 02:31:47,2026-06-10 05:37:47,0.01,0.01,61603.66,61361.18,2.43,0.0,0.0,"0,88001",GOLD_PRO_TP1
1356220496,GOLD_PRO_TP2,BTCUSDm,SELL,2026-06-10 02:31:47,2026-06-10 05:37:47,0.01,0.01,61603.66,61361.18,2.43,0.0,0.0,"0,88001",GOLD_PRO_TP2
1356220502,GOLD_PRO_TP3,BTCUSDm,SELL,2026-06-10 02:31:47,2026-06-10 05:37:47,0.01,0.01,61603.66,61361.18,2.43,0.0,0.0,"0,88001",GOLD_PRO_TP3
1356329411,GOLD_PRO_TP1,BTCUSDm,SELL,2026-06-10 02:41:00,2026-06-10 05:37:47,0.01,0.01,61557.02,61361.18,1.96,0.0,0.0,"0,88001",GOLD_PRO_TP1
1356329414,GOLD_PRO_TP2,BTCUSDm,SELL,2026-06-10 02:41:00,2026-06-10 05:37:47,0.01,0.01,61557.02,61361.18,1.96,0.0,0.0,"0,88001",GOLD_PRO_TP2
1356329415,GOLD_PRO_TP3,BTCUSDm,SELL,2026-06-10 02:41:00,2026-06-10 05:37:47,0.01,0.01,61557.02,61361.18,1.96,0.0,0.0,"0,88001",GOLD_PRO_TP3
1356182742,GOLD_PRO_TP1,USDJPYm,BUY,2026-06-10 02:43:33,2026-06-10 05:37:48,0.01,0.01,160.399,160.338,-0.38,0.0,0.0,"0,88001",GOLD_PRO_TP1
1356182753,GOLD_PRO_TP2,USDJPYm,BUY,2026-06-10 02:43:33,2026-06-10 05:37:48,0.01,0.01,160.399,160.338,-0.38,0.0,0.0,"0,88001",GOLD_PRO_TP2
1356182758,GOLD_PRO_TP3,USDJPYm,BUY,2026-06-10 02:43:33,2026-06-10 05:37:48,0.01,0.01,160.399,160.338,-0.38,0.0,0.0,"0,88001",GOLD_PRO_TP3
1356185346,GOLD_PRO_TP1,USDJPYm,BUY,2026-06-10 02:43:33,2026-06-10 05:37:48,0.01,0.01,160.399,160.338,-0.38,0.0,0.0,"0,88001",GOLD_PRO_TP1
1356185351,GOLD_PRO_TP2,USDJPYm,BUY,2026-06-10 02:43:33,2026-06-10 05:37:48,0.01,0.01,160.399,160.338,-0.38,0.0,0.0,"0,88001",GOLD_PRO_TP2
1356185352,GOLD_PRO_TP3,USDJPYm,BUY,2026-06-10 02:43:33,2026-06-10 05:37:48,0.01,0.01,160.399,160.338,-0.38,0.0,0.0,"0,88001",GOLD_PRO_TP3
1356186021,GOLD_PRO_TP1,USDJPYm,BUY,2026-06-10 02:43:33,2026-06-10 05:37:48,0.01,0.01,160.399,160.338,-0.38,0.0,0.0,"0,88001",GOLD_PRO_TP1
1356186023,GOLD_PRO_TP2,USDJPYm,BUY,2026-06-10 02:43:33,2026-06-10 05:37:48,0.01,0.01,160.399,160.338,-0.38,0.0,0.0,"0,88001",GOLD_PRO_TP2
1356186026,GOLD_PRO_TP1,USDJPYm,BUY,2026-06-10 02:43:33,2026-06-10 05:37:48,0.01,0.01,160.399,160.338,-0.38,0.0,0.0,"0,88001",GOLD_PRO_TP1
1356186030,GOLD_PRO_TP3,USDJPYm,BUY,2026-06-10 02:43:33,2026-06-10 05:37:48,0.01,0.01,160.399,160.338,-0.38,0.0,0.0,"0,88001",GOLD_PRO_TP3
1356186035,GOLD_PRO_TP2,USDJPYm,BUY,2026-06-10 02:43:33,2026-06-10 05:37:48,0.01,0.01,160.399,160.338,-0.38,0.0,0.0,"0,88001",GOLD_PRO_TP2
1356186037,GOLD_PRO_TP3,USDJPYm,BUY,2026-06-10 02:43:33,2026-06-10 05:37:48,0.01,0.01,160.399,160.338,-0.38,0.0,0.0,"0,88001",GOLD_PRO_TP3
1356335073,GOLD_PRO_TP2,BTCUSDm,SELL,2026-06-10 02:44:06,2026-06-10 05:37:47,0.01,0.01,61570.65,61361.18,2.1,0.0,0.0,"0,88001",GOLD_PRO_TP2
1356335074,GOLD_PRO_TP3,BTCUSDm,SELL,2026-06-10 02:44:06,2026-06-10 05:37:47,0.01,0.01,61570.65,61361.18,2.1,0.0,0.0,"0,88001",GOLD_PRO_TP3
1356342212,GOLD_PRO_TP2,BTCUSDm,SELL,2026-06-10 02:44:22,2026-06-10 05:37:47,0.01,0.01,61569.5,61361.18,2.09,0.0,0.0,"0,88001",GOLD_PRO_TP2
1356342213,GOLD_PRO_TP3,BTCUSDm,SELL,2026-06-10 02:44:22,2026-06-10 05:37:47,0.01,0.01,61569.5,61361.18,2.09,0.0,0.0,"0,88001",GOLD_PRO_TP3
1356353779,GOLD_PRO_TP2,BTCUSDm,SELL,2026-06-10 02:46:02,2026-06-10 05:37:47,0.01,0.01,61601.83,61361.18,2.41,0.0,0.0,"0,88001",GOLD_PRO_TP2
1356353782,GOLD_PRO_TP3,BTCUSDm,SELL,2026-06-10 02:46:02,2026-06-10 05:37:47,0.01,0.01,61601.83,61361.18,2.41,0.0,0.0,"0,88001",GOLD_PRO_TP3
1356366261,GOLD_PRO_TP2,BTCUSDm,SELL,2026-06-10 02:47:34,2026-06-10 05:37:47,0.01,0.01,61613.81,61361.18,2.53,0.0,0.0,"0,88001",GOLD_PRO_TP2
1356366264,GOLD_PRO_TP3,BTCUSDm,SELL,2026-06-10 02:47:34,2026-06-10 05:37:47,0.01,0.01,61613.81,61361.18,2.53,0.0,0.0,"0,88001",GOLD_PRO_TP3
1356362497,GOLD_PRO_TP2,BTCUSDm,SELL,2026-06-10 02:47:37,2026-06-10 05:37:47,0.01,0.01,61591.53,61361.18,2.31,0.0,0.0,"0,88001",GOLD_PRO_TP2
1356362498,GOLD_PRO_TP3,BTCUSDm,SELL,2026-06-10 02:47:37,2026-06-10 05:37:47,0.01,0.01,61591.53,61361.18,2.31,0.0,0.0,"0,88001",GOLD_PRO_TP3
1356369050,GOLD_PRO_TP1,BTCUSDm,SELL,2026-06-10 02:48:37,2026-06-10 05:37:47,0.01,0.01,61589.5,61361.18,2.29,0.0,0.0,"0,88001",GOLD_PRO_TP1
1356369051,GOLD_PRO_TP2,BTCUSDm,SELL,2026-06-10 02:48:37,2026-06-10 05:37:47,0.01,0.01,61589.5,61361.18,2.29,0.0,0.0,"0,88001",GOLD_PRO_TP2
1356369052,GOLD_PRO_TP3,BTCUSDm,SELL,2026-06-10 02:48:37,2026-06-10 05:37:47,0.01,0.01,61589.5,61361.18,2.29,0.0,0.0,"0,88001",GOLD_PRO_TP3
1356405370,GOLD_PRO_TP1,USDJPYm,BUY,2026-06-10 03:00:52,2026-06-10 05:37:48,0.02,0.02,160.382,160.338,-0.55,0.0,0.0,"0,88001",GOLD_PRO_TP1
1356405379,GOLD_PRO_TP2,USDJPYm,BUY,2026-06-10 03:00:52,2026-06-10 05:37:49,0.02,0.02,160.382,160.338,-0.55,0.0,0.0,"0,88001",GOLD_PRO_TP2
1356405385,GOLD_PRO_TP1,USDJPYm,BUY,2026-06-10 03:00:52,2026-06-10 05:37:49,0.02,0.02,160.382,160.338,-0.55,0.0,0.0,"0,88001",GOLD_PRO_TP1
1356405388,GOLD_PRO_TP3,USDJPYm,BUY,2026-06-10 03:00:52,2026-06-10 05:37:49,0.02,0.02,160.382,160.338,-0.55,0.0,0.0,"0,88001",GOLD_PRO_TP3
1356405395,GOLD_PRO_TP2,USDJPYm,BUY,2026-06-10 03:00:52,2026-06-10 05:37:49,0.02,0.02,160.382,160.338,-0.55,0.0,0.0,"0,88001",GOLD_PRO_TP2
1356405403,GOLD_PRO_TP3,USDJPYm,BUY,2026-06-10 03:00:52,2026-06-10 05:37:49,0.02,0.02,160.382,160.338,-0.55,0.0,0.0,"0,88001",GOLD_PRO_TP3
1356407533,GOLD_PRO_TP1,USDJPYm,BUY,2026-06-10 03:01:38,2026-06-10 05:37:49,0.02,0.02,160.379,160.338,-0.51,0.0,0.0,"0,88001",GOLD_PRO_TP1
1356407534,GOLD_PRO_TP2,USDJPYm,BUY,2026-06-10 03:01:38,2026-06-10 05:37:49,0.02,0.02,160.379,160.338,-0.51,0.0,0.0,"0,88001",GOLD_PRO_TP2
1356407536,GOLD_PRO_TP3,USDJPYm,BUY,2026-06-10 03:01:38,2026-06-10 05:37:49,0.02,0.02,160.379,160.338,-0.51,0.0,0.0,"0,88001",GOLD_PRO_TP3
1356417581,GOLD_PRO_TP1,USDJPYm,BUY,2026-06-10 03:03:03,2026-06-10 05:37:49,0.02,0.02,160.371,160.338,-0.41,0.0,0.0,"0,88001",GOLD_PRO_TP1
1356417584,GOLD_PRO_TP2,USDJPYm,BUY,2026-06-10 03:03:03,2026-06-10 05:37:49,0.02,0.02,160.371,160.338,-0.41,0.0,0.0,"0,88001",GOLD_PRO_TP2
1356417585,GOLD_PRO_TP3,USDJPYm,BUY,2026-06-10 03:03:03,2026-06-10 05:37:49,0.02,0.02,160.371,160.338,-0.41,0.0,0.0,"0,88001",GOLD_PRO_TP3
1356588206,GOLD_PRO_TP1,BTCUSDm,SELL,2026-06-10 03:46:01,2026-06-10 05:37:47,0.01,0.01,61495.24,61361.18,1.34,0.0,0.0,"0,88001",GOLD_PRO_TP1
1356588207,GOLD_PRO_TP2,BTCUSDm,SELL,2026-06-10 03:46:01,2026-06-10 05:37:47,0.01,0.01,61495.24,61361.18,1.34,0.0,0.0,"0,88001",GOLD_PRO_TP2
1356588209,GOLD_PRO_TP3,BTCUSDm,SELL,2026-06-10 03:46:01,2026-06-10 05:37:47,0.01,0.01,61495.24,61361.18,1.34,0.0,0.0,"0,88001",GOLD_PRO_TP3
1356588979,GOLD_PRO_TP2,BTCUSDm,SELL,2026-06-10 03:46:25,2026-06-10 05:37:47,0.01,0.01,61483.4,61361.18,1.22,0.0,0.0,"0,88001",GOLD_PRO_TP2
1356588981,GOLD_PRO_TP3,BTCUSDm,SELL,2026-06-10 03:46:25,2026-06-10 05:37:47,0.01,0.01,61483.4,61361.18,1.22,0.0,0.0,"0,88001",GOLD_PRO_TP3
1356601931,GOLD_PRO_TP1,USDJPYm,BUY,2026-06-10 03:50:53,2026-06-10 05:37:49,0.03,0.03,160.426,160.338,-1.65,0.0,0.0,"0,88001",GOLD_PRO_TP1
1356601933,GOLD_PRO_TP2,USDJPYm,BUY,2026-06-10 03:50:53,2026-06-10 05:37:49,0.03,0.03,160.426,160.338,-1.65,0.0,0.0,"0,88001",GOLD_PRO_TP2
1356601936,GOLD_PRO_TP3,USDJPYm,BUY,2026-06-10 03:50:53,2026-06-10 05:37:49,0.03,0.03,160.426,160.338,-1.65,0.0,0.0,"0,88001",GOLD_PRO_TP3
1356603563,GOLD_PRO_TP1,USDJPYm,BUY,2026-06-10 03:50:53,2026-06-10 05:37:49,0.03,0.03,160.427,160.336,-1.7,0.0,0.0,"0,88001",GOLD_PRO_TP1
1356603566,GOLD_PRO_TP2,USDJPYm,BUY,2026-06-10 03:50:53,2026-06-10 05:37:49,0.03,0.03,160.427,160.336,-1.7,0.0,0.0,"0,88001",GOLD_PRO_TP2
1356603569,GOLD_PRO_TP3,USDJPYm,BUY,2026-06-10 03:50:53,2026-06-10 05:37:49,0.03,0.03,160.427,160.336,-1.7,0.0,0.0,"0,88001",GOLD_PRO_TP3
1356601799,GOLD_PRO_TP1,USDJPYm,BUY,2026-06-10 03:52:06,2026-06-10 05:37:49,0.03,0.03,160.419,160.338,-1.52,0.0,0.0,"0,88001",GOLD_PRO_TP1
1356601802,GOLD_PRO_TP2,USDJPYm,BUY,2026-06-10 03:52:06,2026-06-10 05:37:49,0.03,0.03,160.419,160.338,-1.52,0.0,0.0,"0,88001",GOLD_PRO_TP2
1356601804,GOLD_PRO_TP3,USDJPYm,BUY,2026-06-10 03:52:06,2026-06-10 05:37:49,0.03,0.03,160.419,160.338,-1.52,0.0,0.0,"0,88001",GOLD_PRO_TP3
1356523772,GOLD_PRO_TP2,ETHUSDm,SELL,2026-06-10 03:53:45,2026-06-10 05:37:48,0.19,0.19,1637.69,1624.98,2.41,0.0,0.0,"0,88001",GOLD_PRO_TP2
1356523775,GOLD_PRO_TP3,ETHUSDm,SELL,2026-06-10 03:53:45,2026-06-10 05:37:48,0.19,0.19,1637.69,1624.98,2.41,0.0,0.0,"0,88001",GOLD_PRO_TP3
1356600085,GOLD_PRO_TP1,USDJPYm,BUY,2026-06-10 03:54:28,2026-06-10 05:37:49,0.03,0.03,160.414,160.338,-1.42,0.0,0.0,"0,88001",GOLD_PRO_TP1
1356600093,GOLD_PRO_TP2,USDJPYm,BUY,2026-06-10 03:54:28,2026-06-10 05:37:49,0.03,0.03,160.414,160.338,-1.42,0.0,0.0,"0,88001",GOLD_PRO_TP2
1356600096,GOLD_PRO_TP3,USDJPYm,BUY,2026-06-10 03:54:28,2026-06-10 05:37:49,0.03,0.03,160.414,160.338,-1.42,0.0,0.0,"0,88001",GOLD_PRO_TP3
1356647080,GOLD_PRO_TP2,ETHUSDm,SELL,2026-06-10 04:00:59,2026-06-10 05:37:48,0.2,0.2,1643.87,1624.98,3.77,0.0,0.0,"0,88001",GOLD_PRO_TP2
1356647083,GOLD_PRO_TP3,ETHUSDm,SELL,2026-06-10 04:00:59,2026-06-10 05:37:48,0.2,0.2,1643.87,1624.98,3.77,0.0,0.0,"0,88001",GOLD_PRO_TP3
1356650346,GOLD_PRO_TP1,ETHUSDm,SELL,2026-06-10 04:01:27,2026-06-10 05:37:09,0.2,0.2,1643.43,1622.17,4.26,0.0,0.0,88001,GOLD_PRO_TP1 / [tp 1622.17000]
1356650357,GOLD_PRO_TP2,ETHUSDm,SELL,2026-06-10 04:01:27,2026-06-10 05:37:48,0.2,0.2,1643.43,1624.98,3.69,0.0,0.0,"0,88001",GOLD_PRO_TP2
1356650360,GOLD_PRO_TP3,ETHUSDm,SELL,2026-06-10 04:01:27,2026-06-10 05:37:48,0.2,0.2,1643.43,1624.98,3.69,0.0,0.0,"0,88001",GOLD_PRO_TP3
1356648204,GOLD_PRO_TP2,ETHUSDm,SELL,2026-06-10 04:01:28,2026-06-10 05:37:48,0.2,0.2,1643.67,1624.98,3.73,0.0,0.0,"0,88001",GOLD_PRO_TP2
1356648210,GOLD_PRO_TP3,ETHUSDm,SELL,2026-06-10 04:01:28,2026-06-10 05:37:48,0.2,0.2,1643.67,1624.98,3.73,0.0,0.0,"0,88001",GOLD_PRO_TP3
1356650289,GOLD_PRO_TP2,ETHUSDm,SELL,2026-06-10 04:01:30,2026-06-10 05:37:48,0.2,0.2,1643.3,1624.98,3.66,0.0,0.0,"0,88001",GOLD_PRO_TP2
1356650295,GOLD_PRO_TP3,ETHUSDm,SELL,2026-06-10 04:01:30,2026-06-10 05:37:48,0.2,0.2,1643.3,1624.98,3.66,0.0,0.0,"0,88001",GOLD_PRO_TP3
1356654195,GOLD_PRO_TP2,ETHUSDm,SELL,2026-06-10 04:01:57,2026-06-10 05:37:48,0.2,0.2,1642.34,1624.98,3.47,0.0,0.0,"0,88001",GOLD_PRO_TP2
1356654206,GOLD_PRO_TP3,ETHUSDm,SELL,2026-06-10 04:01:57,2026-06-10 05:37:48,0.2,0.2,1642.34,1624.98,3.47,0.0,0.0,"0,88001",GOLD_PRO_TP3
1355969843,GOLD_PRO_TP1,USDJPYm,BUY,2026-06-10 04:02:21,2026-06-10 05:37:48,0.01,0.01,160.349,160.338,-0.07,0.0,0.0,"0,88001",GOLD_PRO_TP1
1355969844,GOLD_PRO_TP2,USDJPYm,BUY,2026-06-10 04:02:21,2026-06-10 05:37:48,0.01,0.01,160.349,160.338,-0.07,0.0,0.0,"0,88001",GOLD_PRO_TP2
1355969845,GOLD_PRO_TP3,USDJPYm,BUY,2026-06-10 04:02:21,2026-06-10 05:37:48,0.01,0.01,160.349,160.338,-0.07,0.0,0.0,"0,88001",GOLD_PRO_TP3
1355970105,GOLD_PRO_TP1,USDJPYm,BUY,2026-06-10 04:02:21,2026-06-10 05:37:48,0.01,0.01,160.349,160.338,-0.07,0.0,0.0,"0,88001",GOLD_PRO_TP1
1355970106,GOLD_PRO_TP2,USDJPYm,BUY,2026-06-10 04:02:21,2026-06-10 05:37:48,0.01,0.01,160.349,160.338,-0.07,0.0,0.0,"0,88001",GOLD_PRO_TP2
1355970107,GOLD_PRO_TP3,USDJPYm,BUY,2026-06-10 04:02:21,2026-06-10 05:37:48,0.01,0.01,160.349,160.338,-0.07,0.0,0.0,"0,88001",GOLD_PRO_TP3
1355970439,GOLD_PRO_TP1,USDJPYm,BUY,2026-06-10 04:02:21,2026-06-10 05:37:48,0.01,0.01,160.352,160.338,-0.09,0.0,0.0,"0,88001",GOLD_PRO_TP1
1355970440,GOLD_PRO_TP2,USDJPYm,BUY,2026-06-10 04:02:21,2026-06-10 05:37:48,0.01,0.01,160.352,160.338,-0.09,0.0,0.0,"0,88001",GOLD_PRO_TP2
1355970441,GOLD_PRO_TP3,USDJPYm,BUY,2026-06-10 04:02:21,2026-06-10 05:37:48,0.01,0.01,160.352,160.338,-0.09,0.0,0.0,"0,88001",GOLD_PRO_TP3
1355970443,GOLD_PRO_TP1,USDJPYm,BUY,2026-06-10 04:02:21,2026-06-10 05:37:48,0.01,0.01,160.352,160.338,-0.09,0.0,0.0,"0,88001",GOLD_PRO_TP1
1355970444,GOLD_PRO_TP2,USDJPYm,BUY,2026-06-10 04:02:21,2026-06-10 05:37:48,0.01,0.01,160.352,160.338,-0.09,0.0,0.0,"0,88001",GOLD_PRO_TP2
1355970448,GOLD_PRO_TP3,USDJPYm,BUY,2026-06-10 04:02:21,2026-06-10 05:37:48,0.01,0.01,160.352,160.338,-0.09,0.0,0.0,"0,88001",GOLD_PRO_TP3
1356658196,GOLD_PRO_TP2,ETHUSDm,SELL,2026-06-10 04:03:00,2026-06-10 05:37:48,0.2,0.2,1642.19,1624.98,3.44,0.0,0.0,"0,88001",GOLD_PRO_TP2
1356658198,GOLD_PRO_TP3,ETHUSDm,SELL,2026-06-10 04:03:00,2026-06-10 05:37:48,0.2,0.2,1642.19,1624.98,3.44,0.0,0.0,"0,88001",GOLD_PRO_TP3
1356661062,GOLD_PRO_TP2,ETHUSDm,SELL,2026-06-10 04:03:01,2026-06-10 05:37:48,0.2,0.2,1642.49,1624.98,3.5,0.0,0.0,"0,88001",GOLD_PRO_TP2
1356661066,GOLD_PRO_TP3,ETHUSDm,SELL,2026-06-10 04:03:01,2026-06-10 05:37:48,0.2,0.2,1642.49,1624.98,3.5,0.0,0.0,"0,88001",GOLD_PRO_TP3
1356656404,GOLD_PRO_TP2,ETHUSDm,SELL,2026-06-10 04:03:06,2026-06-10 05:37:48,0.2,0.2,1641.85,1624.98,3.37,0.0,0.0,"0,88001",GOLD_PRO_TP2
1356656415,GOLD_PRO_TP3,ETHUSDm,SELL,2026-06-10 04:03:06,2026-06-10 05:37:48,0.2,0.2,1641.85,1624.98,3.37,0.0,0.0,"0,88001",GOLD_PRO_TP3
1356662290,GOLD_PRO_TP1,ETHUSDm,SELL,2026-06-10 04:03:18,2026-06-10 05:37:48,0.2,0.2,1641.65,1624.98,3.33,0.0,0.0,"0,88001",GOLD_PRO_TP1
1356662293,GOLD_PRO_TP2,ETHUSDm,SELL,2026-06-10 04:03:18,2026-06-10 05:37:48,0.2,0.2,1641.65,1624.98,3.33,0.0,0.0,"0,88001",GOLD_PRO_TP2
1356662297,GOLD_PRO_TP3,ETHUSDm,SELL,2026-06-10 04:03:18,2026-06-10 05:37:48,0.2,0.2,1641.65,1624.98,3.33,0.0,0.0,"0,88001",GOLD_PRO_TP3
1356663915,GOLD_PRO_TP2,ETHUSDm,SELL,2026-06-10 04:03:32,2026-06-10 05:37:48,0.2,0.2,1642.72,1624.98,3.54,0.0,0.0,"0,88001",GOLD_PRO_TP2
1356663923,GOLD_PRO_TP3,ETHUSDm,SELL,2026-06-10 04:03:32,2026-06-10 05:37:48,0.2,0.2,1642.72,1624.98,3.54,0.0,0.0,"0,88001",GOLD_PRO_TP3
1356667650,GOLD_PRO_TP2,ETHUSDm,SELL,2026-06-10 04:04:02,2026-06-10 05:37:48,0.21,0.21,1643.05,1624.98,3.79,0.0,0.0,"0,88001",GOLD_PRO_TP2
1356667654,GOLD_PRO_TP3,ETHUSDm,SELL,2026-06-10 04:04:02,2026-06-10 05:37:48,0.21,0.21,1643.05,1624.98,3.79,0.0,0.0,"0,88001",GOLD_PRO_TP3
1356669680,GOLD_PRO_TP2,ETHUSDm,SELL,2026-06-10 04:04:36,2026-06-10 05:37:48,0.21,0.21,1643.71,1624.98,3.93,0.0,0.0,"0,88001",GOLD_PRO_TP2
1356669681,GOLD_PRO_TP3,ETHUSDm,SELL,2026-06-10 04:04:36,2026-06-10 05:37:48,0.21,0.21,1643.71,1624.98,3.93,0.0,0.0,"0,88001",GOLD_PRO_TP3
1356684158,GOLD_PRO_TP2,ETHUSDm,SELL,2026-06-10 04:05:40,2026-06-10 05:37:48,0.24,0.24,1643.27,1624.98,4.38,0.0,0.0,"0,88001",GOLD_PRO_TP2
1356684164,GOLD_PRO_TP3,ETHUSDm,SELL,2026-06-10 04:05:40,2026-06-10 05:37:48,0.24,0.24,1643.27,1624.98,4.38,0.0,0.0,"0,88001",GOLD_PRO_TP3
1356688585,GOLD_PRO_TP2,ETHUSDm,SELL,2026-06-10 04:06:08,2026-06-10 05:37:48,0.25,0.25,1641.09,1624.98,4.02,0.0,0.0,"0,88001",GOLD_PRO_TP2
1356688590,GOLD_PRO_TP3,ETHUSDm,SELL,2026-06-10 04:06:08,2026-06-10 05:37:48,0.25,0.25,1641.09,1624.98,4.02,0.0,0.0,"0,88001",GOLD_PRO_TP3
1356691927,GOLD_PRO_TP2,ETHUSDm,SELL,2026-06-10 04:06:48,2026-06-10 05:37:48,0.25,0.25,1641.56,1624.98,4.14,0.0,0.0,"0,88001",GOLD_PRO_TP2
1356691930,GOLD_PRO_TP3,ETHUSDm,SELL,2026-06-10 04:06:48,2026-06-10 05:37:48,0.25,0.25,1641.56,1624.98,4.14,0.0,0.0,"0,88001",GOLD_PRO_TP3
1356699836,GOLD_PRO_TP2,ETHUSDm,SELL,2026-06-10 04:07:58,2026-06-10 05:37:48,0.25,0.25,1639.2,1624.98,3.55,0.0,0.0,"0,88001",GOLD_PRO_TP2
1356699838,GOLD_PRO_TP3,ETHUSDm,SELL,2026-06-10 04:07:58,2026-06-10 05:37:48,0.25,0.25,1639.2,1624.98,3.55,0.0,0.0,"0,88001",GOLD_PRO_TP3
1356703424,GOLD_PRO_TP2,ETHUSDm,SELL,2026-06-10 04:08:54,2026-06-10 05:37:48,0.25,0.25,1639.64,1624.98,3.66,0.0,0.0,"0,88001",GOLD_PRO_TP2
1356703425,GOLD_PRO_TP3,ETHUSDm,SELL,2026-06-10 04:08:54,2026-06-10 05:37:48,0.25,0.25,1639.64,1624.98,3.66,0.0,0.0,"0,88001",GOLD_PRO_TP3
1356707021,GOLD_PRO_TP2,ETHUSDm,SELL,2026-06-10 04:10:25,2026-06-10 05:37:48,0.25,0.25,1639.33,1624.98,3.58,0.0,0.0,"0,88001",GOLD_PRO_TP2
1356707023,GOLD_PRO_TP3,ETHUSDm,SELL,2026-06-10 04:10:25,2026-06-10 05:37:48,0.25,0.25,1639.33,1624.98,3.58,0.0,0.0,"0,88001",GOLD_PRO_TP3
1356709837,GOLD_PRO_TP2,ETHUSDm,SELL,2026-06-10 04:10:51,2026-06-10 05:37:48,0.25,0.25,1639.33,1624.98,3.58,0.0,0.0,"0,88001",GOLD_PRO_TP2
1356709850,GOLD_PRO_TP3,ETHUSDm,SELL,2026-06-10 04:10:51,2026-06-10 05:37:48,0.25,0.25,1639.33,1624.98,3.58,0.0,0.0,"0,88001",GOLD_PRO_TP3
1356713918,GOLD_PRO_TP3,ETHUSDm,SELL,2026-06-10 04:12:02,2026-06-10 05:37:48,0.25,0.25,1640.17,1624.98,3.79,0.0,0.0,"0,88001",GOLD_PRO_TP3
1356696487,GOLD_PRO_TP1,ETHUSDm,SELL,2026-06-10 04:12:52,2026-06-10 05:37:48,0.25,0.25,1641.33,1624.98,4.08,0.0,0.0,"0,88001",GOLD_PRO_TP1
1356696491,GOLD_PRO_TP2,ETHUSDm,SELL,2026-06-10 04:12:52,2026-06-10 05:37:48,0.25,0.25,1641.33,1624.98,4.08,0.0,0.0,"0,88001",GOLD_PRO_TP2
1356696492,GOLD_PRO_TP3,ETHUSDm,SELL,2026-06-10 04:12:52,2026-06-10 05:37:48,0.25,0.25,1641.33,1624.98,4.08,0.0,0.0,"0,88001",GOLD_PRO_TP3
1356717473,GOLD_PRO_TP2,ETHUSDm,SELL,2026-06-10 04:13:30,2026-06-10 05:37:48,0.25,0.25,1641.6,1624.98,4.15,0.0,0.0,"0,88001",GOLD_PRO_TP2
1356717483,GOLD_PRO_TP3,ETHUSDm,SELL,2026-06-10 04:13:30,2026-06-10 05:37:48,0.25,0.25,1641.6,1624.98,4.15,0.0,0.0,"0,88001",GOLD_PRO_TP3
1356724947,GOLD_PRO_TP2,ETHUSDm,SELL,2026-06-10 04:15:16,2026-06-10 05:37:48,0.25,0.25,1641.42,1624.98,4.11,0.0,0.0,"0,88001",GOLD_PRO_TP2
1356724954,GOLD_PRO_TP3,ETHUSDm,SELL,2026-06-10 04:15:16,2026-06-10 05:37:48,0.25,0.25,1641.42,1624.98,4.11,0.0,0.0,"0,88001",GOLD_PRO_TP3
1356728873,GOLD_PRO_TP2,ETHUSDm,SELL,2026-06-10 04:16:09,2026-06-10 05:37:48,0.25,0.25,1641.66,1624.98,4.17,0.0,0.0,"0,88001",GOLD_PRO_TP2
1356728876,GOLD_PRO_TP3,ETHUSDm,SELL,2026-06-10 04:16:09,2026-06-10 05:37:48,0.25,0.25,1641.66,1624.98,4.17,0.0,0.0,"0,88001",GOLD_PRO_TP3
1356734241,GOLD_PRO_TP2,ETHUSDm,SELL,2026-06-10 04:17:24,2026-06-10 05:37:48,0.25,0.25,1643.67,1624.98,4.67,0.0,0.0,"0,88001",GOLD_PRO_TP2
1356734245,GOLD_PRO_TP3,ETHUSDm,SELL,2026-06-10 04:17:24,2026-06-10 05:37:48,0.25,0.25,1643.67,1624.98,4.67,0.0,0.0,"0,88001",GOLD_PRO_TP3
1356739188,GOLD_PRO_TP2,ETHUSDm,SELL,2026-06-10 04:18:17,2026-06-10 05:37:48,0.25,0.25,1643.42,1624.98,4.61,0.0,0.0,"0,88001",GOLD_PRO_TP2
1356739190,GOLD_PRO_TP3,ETHUSDm,SELL,2026-06-10 04:18:17,2026-06-10 05:37:48,0.25,0.25,1643.42,1624.98,4.61,0.0,0.0,"0,88001",GOLD_PRO_TP3
1356742539,GOLD_PRO_TP3,ETHUSDm,SELL,2026-06-10 04:19:23,2026-06-10 05:37:48,0.25,0.25,1642.95,1624.98,4.49,0.0,0.0,"0,88001",GOLD_PRO_TP3
1356813133,GOLD_PRO_TP2,BTCUSDm,SELL,2026-06-10 04:38:40,2026-06-10 05:37:47,0.01,0.01,61622.46,61361.18,2.61,0.0,0.0,"0,88001",GOLD_PRO_TP2
1356813134,GOLD_PRO_TP3,BTCUSDm,SELL,2026-06-10 04:38:40,2026-06-10 05:37:47,0.01,0.01,61622.46,61361.18,2.61,0.0,0.0,"0,88001",GOLD_PRO_TP3
1356813100,GOLD_PRO_TP2,BTCUSDm,SELL,2026-06-10 04:38:41,2026-06-10 05:37:47,0.01,0.01,61625.04,61361.18,2.64,0.0,0.0,"0,88001",GOLD_PRO_TP2
1356813101,GOLD_PRO_TP3,BTCUSDm,SELL,2026-06-10 04:38:41,2026-06-10 05:37:47,0.01,0.01,61625.04,61361.18,2.64,0.0,0.0,"0,88001",GOLD_PRO_TP3
1356814284,GOLD_PRO_TP2,BTCUSDm,SELL,2026-06-10 04:38:56,2026-06-10 05:37:47,0.01,0.01,61639.86,61361.18,2.79,0.0,0.0,"0,88001",GOLD_PRO_TP2
1356814287,GOLD_PRO_TP3,BTCUSDm,SELL,2026-06-10 04:38:56,2026-06-10 05:37:47,0.01,0.01,61639.86,61361.18,2.79,0.0,0.0,"0,88001",GOLD_PRO_TP3
1356828125,GOLD_PRO_TP3,BTCUSDm,SELL,2026-06-10 04:41:34,2026-06-10 05:37:47,0.01,0.01,61625.24,61361.18,2.64,0.0,0.0,"0,88001",GOLD_PRO_TP3
1356829468,GOLD_PRO_TP2,BTCUSDm,SELL,2026-06-10 04:42:17,2026-06-10 05:37:47,0.01,0.01,61630.24,61361.18,2.69,0.0,0.0,"0,88001",GOLD_PRO_TP2
1356829471,GOLD_PRO_TP3,BTCUSDm,SELL,2026-06-10 04:42:17,2026-06-10 05:37:47,0.01,0.01,61630.24,61361.18,2.69,0.0,0.0,"0,88001",GOLD_PRO_TP3
1356832353,GOLD_PRO_TP2,BTCUSDm,SELL,2026-06-10 04:42:30,2026-06-10 05:37:47,0.01,0.01,61616.47,61361.18,2.55,0.0,0.0,"0,88001",GOLD_PRO_TP2
1356832357,GOLD_PRO_TP3,BTCUSDm,SELL,2026-06-10 04:42:30,2026-06-10 05:37:47,0.01,0.01,61616.47,61361.18,2.55,0.0,0.0,"0,88001",GOLD_PRO_TP3
1356827819,GOLD_PRO_TP2,BTCUSDm,SELL,2026-06-10 04:42:32,2026-06-10 05:37:47,0.01,0.01,61607.66,61361.18,2.47,0.0,0.0,"0,88001",GOLD_PRO_TP2
1356827824,GOLD_PRO_TP3,BTCUSDm,SELL,2026-06-10 04:42:32,2026-06-10 05:37:47,0.01,0.01,61607.66,61361.18,2.47,0.0,0.0,"0,88001",GOLD_PRO_TP3
1356836200,GOLD_PRO_TP2,BTCUSDm,SELL,2026-06-10 04:42:58,2026-06-10 05:37:47,0.01,0.01,61565.66,61361.18,2.05,0.0,0.0,"0,88001",GOLD_PRO_TP2
1356836203,GOLD_PRO_TP3,BTCUSDm,SELL,2026-06-10 04:42:58,2026-06-10 05:37:47,0.01,0.01,61565.66,61361.18,2.05,0.0,0.0,"0,88001",GOLD_PRO_TP3
1356838472,GOLD_PRO_TP2,BTCUSDm,SELL,2026-06-10 04:43:58,2026-06-10 05:37:47,0.01,0.01,61593.35,61361.18,2.32,0.0,0.0,"0,88001",GOLD_PRO_TP2
1356838473,GOLD_PRO_TP3,BTCUSDm,SELL,2026-06-10 04:43:58,2026-06-10 05:37:47,0.01,0.01,61593.35,61361.18,2.32,0.0,0.0,"0,88001",GOLD_PRO_TP3
1356833189,GOLD_PRO_TP2,BTCUSDm,SELL,2026-06-10 04:44:11,2026-06-10 05:37:47,0.01,0.01,61611.97,61361.18,2.51,0.0,0.0,"0,88001",GOLD_PRO_TP2
1356833206,GOLD_PRO_TP3,BTCUSDm,SELL,2026-06-10 04:44:11,2026-06-10 05:37:47,0.01,0.01,61611.97,61361.18,2.51,0.0,0.0,"0,88001",GOLD_PRO_TP3
1356844179,GOLD_PRO_TP2,BTCUSDm,SELL,2026-06-10 04:44:44,2026-06-10 05:37:47,0.01,0.01,61597.48,61361.18,2.36,0.0,0.0,"0,88001",GOLD_PRO_TP2
1356844181,GOLD_PRO_TP3,BTCUSDm,SELL,2026-06-10 04:44:44,2026-06-10 05:37:47,0.01,0.01,61597.48,61361.18,2.36,0.0,0.0,"0,88001",GOLD_PRO_TP3
1356844961,GOLD_PRO_TP2,BTCUSDm,SELL,2026-06-10 04:45:01,2026-06-10 05:37:47,0.01,0.01,61607.69,61361.18,2.47,0.0,0.0,"0,88001",GOLD_PRO_TP2
1356844966,GOLD_PRO_TP3,BTCUSDm,SELL,2026-06-10 04:45:01,2026-06-10 05:37:47,0.01,0.01,61607.69,61361.18,2.47,0.0,0.0,"0,88001",GOLD_PRO_TP3
1356844098,GOLD_PRO_TP2,BTCUSDm,SELL,2026-06-10 04:45:07,2026-06-10 05:37:47,0.01,0.01,61614.52,61361.18,2.54,0.0,0.0,"0,88001",GOLD_PRO_TP2
1356844100,GOLD_PRO_TP3,BTCUSDm,SELL,2026-06-10 04:45:07,2026-06-10 05:37:47,0.01,0.01,61614.52,61361.18,2.54,0.0,0.0,"0,88001",GOLD_PRO_TP3
1356842201,GOLD_PRO_TP2,BTCUSDm,SELL,2026-06-10 04:46:03,2026-06-10 05:37:47,0.01,0.01,61585.84,61361.18,2.25,0.0,0.0,"0,88001",GOLD_PRO_TP2
1356842202,GOLD_PRO_TP3,BTCUSDm,SELL,2026-06-10 04:46:03,2026-06-10 05:37:47,0.01,0.01,61581.42,61361.18,2.2,0.0,0.0,"0,88001",GOLD_PRO_TP3
1356850317,GOLD_PRO_TP2,BTCUSDm,SELL,2026-06-10 04:46:33,2026-06-10 05:37:47,0.01,0.01,61609.23,61361.18,2.48,0.0,0.0,"0,88001",GOLD_PRO_TP2
1356850322,GOLD_PRO_TP3,BTCUSDm,SELL,2026-06-10 04:46:33,2026-06-10 05:37:47,0.01,0.01,61609.23,61361.18,2.48,0.0,0.0,"0,88001",GOLD_PRO_TP3
1356848537,GOLD_PRO_TP2,BTCUSDm,SELL,2026-06-10 04:46:37,2026-06-10 05:37:47,0.01,0.01,61618.55,61361.18,2.58,0.0,0.0,"0,88001",GOLD_PRO_TP2
1356848540,GOLD_PRO_TP3,BTCUSDm,SELL,2026-06-10 04:46:37,2026-06-10 05:37:47,0.01,0.01,61618.55,61361.18,2.58,0.0,0.0,"0,88001",GOLD_PRO_TP3
1356848455,GOLD_PRO_TP2,BTCUSDm,SELL,2026-06-10 04:46:51,2026-06-10 05:37:47,0.01,0.01,61627.32,61361.18,2.66,0.0,0.0,"0,88001",GOLD_PRO_TP2
1356848459,GOLD_PRO_TP3,BTCUSDm,SELL,2026-06-10 04:46:51,2026-06-10 05:37:47,0.01,0.01,61627.32,61361.18,2.66,0.0,0.0,"0,88001",GOLD_PRO_TP3
1356852562,GOLD_PRO_TP3,BTCUSDm,SELL,2026-06-10 04:46:51,2026-06-10 05:37:47,0.01,0.01,61625.02,61361.18,2.64,0.0,0.0,"0,88001",GOLD_PRO_TP3
1356853592,GOLD_PRO_TP2,BTCUSDm,SELL,2026-06-10 04:47:10,2026-06-10 05:37:47,0.01,0.01,61634.24,61361.18,2.73,0.0,0.0,"0,88001",GOLD_PRO_TP2
1356853593,GOLD_PRO_TP3,BTCUSDm,SELL,2026-06-10 04:47:10,2026-06-10 05:37:47,0.01,0.01,61634.24,61361.18,2.73,0.0,0.0,"0,88001",GOLD_PRO_TP3
1356855304,GOLD_PRO_TP3,BTCUSDm,SELL,2026-06-10 04:48:10,2026-06-10 05:37:47,0.01,0.01,61617.19,61361.18,2.56,0.0,0.0,"0,88001",GOLD_PRO_TP3
1356855011,GOLD_PRO_TP2,BTCUSDm,SELL,2026-06-10 05:05:26,2026-06-10 05:37:47,0.01,0.01,61598.36,61361.18,2.37,0.0,0.0,"0,88001",GOLD_PRO_TP2
1356855015,GOLD_PRO_TP3,BTCUSDm,SELL,2026-06-10 05:05:26,2026-06-10 05:37:47,0.01,0.01,61598.36,61361.18,2.37,0.0,0.0,"0,88001",GOLD_PRO_TP3
1356856131,GOLD_PRO_TP2,BTCUSDm,SELL,2026-06-10 05:05:26,2026-06-10 05:37:47,0.01,0.01,61604.72,61361.18,2.44,0.0,0.0,"0,88001",GOLD_PRO_TP2
1356856136,GOLD_PRO_TP3,BTCUSDm,SELL,2026-06-10 05:05:26,2026-06-10 05:37:47,0.01,0.01,61604.72,61361.18,2.44,0.0,0.0,"0,88001",GOLD_PRO_TP3
1356931518,GOLD_PRO_TP2,BTCUSDm,SELL,2026-06-10 05:11:26,2026-06-10 05:37:47,0.01,0.01,61542.38,61361.18,1.81,0.0,0.0,"0,88001",GOLD_PRO_TP2
1356931523,GOLD_PRO_TP3,BTCUSDm,SELL,2026-06-10 05:11:26,2026-06-10 05:37:47,0.01,0.01,61542.38,61361.18,1.81,0.0,0.0,"0,88001",GOLD_PRO_TP3
1356935049,GOLD_PRO_TP3,BTCUSDm,SELL,2026-06-10 05:12:07,2026-06-10 05:37:47,0.01,0.01,61538.59,61361.18,1.78,0.0,0.0,"0,88001",GOLD_PRO_TP3
1356935131,GOLD_PRO_TP2,BTCUSDm,SELL,2026-06-10 05:12:11,2026-06-10 05:37:47,0.01,0.01,61519.97,61361.18,1.59,0.0,0.0,"0,88001",GOLD_PRO_TP2
1356935133,GOLD_PRO_TP3,BTCUSDm,SELL,2026-06-10 05:12:11,2026-06-10 05:37:47,0.01,0.01,61518.35,61361.18,1.57,0.0,0.0,"0,88001",GOLD_PRO_TP3
1356935694,GOLD_PRO_TP1,BTCUSDm,SELL,2026-06-10 05:12:23,2026-06-10 05:37:47,0.01,0.01,61535.7,61361.18,1.75,0.0,0.0,"0,88001",GOLD_PRO_TP1
1356935697,GOLD_PRO_TP2,BTCUSDm,SELL,2026-06-10 05:12:23,2026-06-10 05:37:47,0.01,0.01,61535.7,61361.18,1.75,0.0,0.0,"0,88001",GOLD_PRO_TP2
1356935700,GOLD_PRO_TP3,BTCUSDm,SELL,2026-06-10 05:12:23,2026-06-10 05:37:47,0.01,0.01,61535.7,61361.18,1.75,0.0,0.0,"0,88001",GOLD_PRO_TP3
1356937257,GOLD_PRO_TP2,BTCUSDm,SELL,2026-06-10 05:13:09,2026-06-10 05:37:47,0.01,0.01,61534.94,61361.18,1.74,0.0,0.0,"0,88001",GOLD_PRO_TP2
1356937323,GOLD_PRO_TP2,BTCUSDm,SELL,2026-06-10 05:13:09,2026-06-10 05:37:47,0.01,0.01,61534.94,61361.18,1.74,0.0,0.0,"0,88001",GOLD_PRO_TP2
1356937260,GOLD_PRO_TP3,BTCUSDm,SELL,2026-06-10 05:13:10,2026-06-10 05:37:47,0.01,0.01,61534.94,61361.18,1.74,0.0,0.0,"0,88001",GOLD_PRO_TP3
1356937324,GOLD_PRO_TP3,BTCUSDm,SELL,2026-06-10 05:13:10,2026-06-10 05:37:47,0.01,0.01,61534.94,61361.18,1.74,0.0,0.0,"0,88001",GOLD_PRO_TP3
1356941188,GOLD_PRO_TP3,BTCUSDm,SELL,2026-06-10 05:14:10,2026-06-10 05:37:47,0.01,0.01,61519.44,61361.18,1.58,0.0,0.0,"0,88001",GOLD_PRO_TP3
1356941186,GOLD_PRO_TP2,BTCUSDm,SELL,2026-06-10 05:14:11,2026-06-10 05:37:47,0.01,0.01,61519.44,61361.18,1.58,0.0,0.0,"0,88001",GOLD_PRO_TP2
1356941250,GOLD_PRO_TP2,BTCUSDm,SELL,2026-06-10 05:15:00,2026-06-10 05:37:47,0.01,0.01,61529.01,61361.18,1.68,0.0,0.0,"0,88001",GOLD_PRO_TP2
1356941252,GOLD_PRO_TP3,BTCUSDm,SELL,2026-06-10 05:15:00,2026-06-10 05:37:47,0.01,0.01,61529.01,61361.18,1.68,0.0,0.0,"0,88001",GOLD_PRO_TP3
1356944987,GOLD_PRO_TP2,BTCUSDm,SELL,2026-06-10 05:15:12,2026-06-10 05:37:47,0.01,0.01,61528.03,61361.18,1.67,0.0,0.0,"0,88001",GOLD_PRO_TP2
1356944990,GOLD_PRO_TP3,BTCUSDm,SELL,2026-06-10 05:15:12,2026-06-10 05:37:47,0.01,0.01,61528.03,61361.18,1.67,0.0,0.0,"0,88001",GOLD_PRO_TP3
1356947707,GOLD_PRO_TP2,BTCUSDm,SELL,2026-06-10 05:16:44,2026-06-10 05:37:47,0.01,0.01,61421.39,61361.18,0.6,0.0,0.0,"0,88001",GOLD_PRO_TP2
1356947711,GOLD_PRO_TP3,BTCUSDm,SELL,2026-06-10 05:16:44,2026-06-10 05:37:47,0.01,0.01,61421.39,61361.18,0.6,0.0,0.0,"0,88001",GOLD_PRO_TP3
1356948008,GOLD_PRO_TP2,BTCUSDm,SELL,2026-06-10 05:16:44,2026-06-10 05:37:47,0.01,0.01,61429.84,61361.18,0.69,0.0,0.0,"0,88001",GOLD_PRO_TP2
1356948010,GOLD_PRO_TP3,BTCUSDm,SELL,2026-06-10 05:16:44,2026-06-10 05:37:47,0.01,0.01,61434.46,61361.18,0.73,0.0,0.0,"0,88001",GOLD_PRO_TP3
1356950396,GOLD_PRO_TP2,BTCUSDm,SELL,2026-06-10 05:16:53,2026-06-10 05:37:47,0.01,0.01,61431.05,61361.18,0.7,0.0,0.0,"0,88001",GOLD_PRO_TP2
1356950400,GOLD_PRO_TP3,BTCUSDm,SELL,2026-06-10 05:16:53,2026-06-10 05:37:47,0.01,0.01,61431.05,61361.18,0.7,0.0,0.0,"0,88001",GOLD_PRO_TP3
1356951950,GOLD_PRO_TP2,BTCUSDm,SELL,2026-06-10 05:17:13,2026-06-10 05:37:47,0.01,0.01,61328.76,61361.18,-0.32,0.0,0.0,"0,88001",GOLD_PRO_TP2
1356951953,GOLD_PRO_TP3,BTCUSDm,SELL,2026-06-10 05:17:13,2026-06-10 05:37:47,0.01,0.01,61328.76,61361.18,-0.32,0.0,0.0,"0,88001",GOLD_PRO_TP3
1356952059,GOLD_PRO_TP1,BTCUSDm,SELL,2026-06-10 05:17:28,2026-06-10 05:37:47,0.01,0.01,61336.15,61361.18,-0.25,0.0,0.0,"0,88001",GOLD_PRO_TP1
1356952060,GOLD_PRO_TP2,BTCUSDm,SELL,2026-06-10 05:17:28,2026-06-10 05:37:47,0.01,0.01,61336.15,61361.18,-0.25,0.0,0.0,"0,88001",GOLD_PRO_TP2
1356952061,GOLD_PRO_TP3,BTCUSDm,SELL,2026-06-10 05:17:28,2026-06-10 05:37:47,0.01,0.01,61336.15,61361.18,-0.25,0.0,0.0,"0,88001",GOLD_PRO_TP3
1356955092,GOLD_PRO_TP2,BTCUSDm,SELL,2026-06-10 05:18:50,2026-06-10 05:37:48,0.01,0.01,61381.65,61361.18,0.21,0.0,0.0,"0,88001",GOLD_PRO_TP2
1356955098,GOLD_PRO_TP3,BTCUSDm,SELL,2026-06-10 05:18:50,2026-06-10 05:37:48,0.01,0.01,61381.65,61361.18,0.21,0.0,0.0,"0,88001",GOLD_PRO_TP3
1356957421,GOLD_PRO_TP1,BTCUSDm,SELL,2026-06-10 05:19:09,2026-06-10 05:37:48,0.01,0.01,61385.52,61361.18,0.25,0.0,0.0,"0,88001",GOLD_PRO_TP1
1356957423,GOLD_PRO_TP2,BTCUSDm,SELL,2026-06-10 05:19:09,2026-06-10 05:37:48,0.01,0.01,61385.52,61361.18,0.25,0.0,0.0,"0,88001",GOLD_PRO_TP2
1356957424,GOLD_PRO_TP3,BTCUSDm,SELL,2026-06-10 05:19:09,2026-06-10 05:37:48,0.01,0.01,61385.52,61361.18,0.25,0.0,0.0,"0,88001",GOLD_PRO_TP3
1356959982,GOLD_PRO_TP2,BTCUSDm,SELL,2026-06-10 05:19:20,2026-06-10 05:37:48,0.01,0.01,61365.61,61361.18,0.05,0.0,0.0,"0,88001",GOLD_PRO_TP2
1356959985,GOLD_PRO_TP3,BTCUSDm,SELL,2026-06-10 05:19:20,2026-06-10 05:37:48,0.01,0.01,61365.61,61361.18,0.05,0.0,0.0,"0,88001",GOLD_PRO_TP3
1356964719,GOLD_PRO_TP2,BTCUSDm,SELL,2026-06-10 05:20:26,2026-06-10 05:37:48,0.01,0.01,61420.12,61361.18,0.59,0.0,0.0,"0,88001",GOLD_PRO_TP2
1356964722,GOLD_PRO_TP3,BTCUSDm,SELL,2026-06-10 05:20:26,2026-06-10 05:37:48,0.01,0.01,61420.12,61361.18,0.59,0.0,0.0,"0,88001",GOLD_PRO_TP3
1356969159,GOLD_PRO_TP2,BTCUSDm,SELL,2026-06-10 05:22:00,2026-06-10 05:37:48,0.01,0.01,61453.31,61361.18,0.92,0.0,0.0,"0,88001",GOLD_PRO_TP2
1356969160,GOLD_PRO_TP3,BTCUSDm,SELL,2026-06-10 05:22:00,2026-06-10 05:37:48,0.01,0.01,61453.31,61361.18,0.92,0.0,0.0,"0,88001",GOLD_PRO_TP3
1356976456,GOLD_PRO_TP2,BTCUSDm,SELL,2026-06-10 05:23:32,2026-06-10 05:37:48,0.01,0.01,61439.62,61361.18,0.79,0.0,0.0,"0,88001",GOLD_PRO_TP2
1356976457,GOLD_PRO_TP3,BTCUSDm,SELL,2026-06-10 05:23:32,2026-06-10 05:37:48,0.01,0.01,61439.62,61361.18,0.79,0.0,0.0,"0,88001",GOLD_PRO_TP3
1356972990,GOLD_PRO_TP2,BTCUSDm,SELL,2026-06-10 05:24:16,2026-06-10 05:37:48,0.01,0.01,61474.15,61361.18,1.13,0.0,0.0,"0,88001",GOLD_PRO_TP2
1356972993,GOLD_PRO_TP3,BTCUSDm,SELL,2026-06-10 05:24:16,2026-06-10 05:37:48,0.01,0.01,61474.15,61361.18,1.13,0.0,0.0,"0,88001",GOLD_PRO_TP3
1356979910,GOLD_PRO_TP2,BTCUSDm,SELL,2026-06-10 05:24:32,2026-06-10 05:37:48,0.01,0.01,61444.58,61361.18,0.84,0.0,0.0,"0,88001",GOLD_PRO_TP2
1356979914,GOLD_PRO_TP3,BTCUSDm,SELL,2026-06-10 05:24:32,2026-06-10 05:37:48,0.01,0.01,61444.58,61361.18,0.84,0.0,0.0,"0,88001",GOLD_PRO_TP3
1356984912,GOLD_PRO_TP2,BTCUSDm,SELL,2026-06-10 05:25:32,2026-06-10 05:37:48,0.01,0.01,61412.41,61361.18,0.51,0.0,0.0,"0,88001",GOLD_PRO_TP2
1356984913,GOLD_PRO_TP3,BTCUSDm,SELL,2026-06-10 05:25:32,2026-06-10 05:37:48,0.01,0.01,61412.41,61361.18,0.51,0.0,0.0,"0,88001",GOLD_PRO_TP3
1356992466,GOLD_PRO_TP1,BTCUSDm,SELL,2026-06-10 05:26:47,2026-06-10 05:37:48,0.01,0.01,61337.56,61361.18,-0.23,0.0,0.0,"0,88001",GOLD_PRO_TP1
1356992468,GOLD_PRO_TP2,BTCUSDm,SELL,2026-06-10 05:26:47,2026-06-10 05:37:48,0.01,0.01,61337.56,61361.18,-0.23,0.0,0.0,"0,88001",GOLD_PRO_TP2
1356992469,GOLD_PRO_TP3,BTCUSDm,SELL,2026-06-10 05:26:47,2026-06-10 05:37:48,0.01,0.01,61337.56,61361.18,-0.23,0.0,0.0,"0,88001",GOLD_PRO_TP3
1356953310,GOLD_PRO_TP2,BTCUSDm,SELL,2026-06-10 05:27:08,2026-06-10 05:37:47,0.01,0.01,61311.03,61361.18,-0.5,0.0,0.0,"0,88001",GOLD_PRO_TP2
1356953312,GOLD_PRO_TP3,BTCUSDm,SELL,2026-06-10 05:27:08,2026-06-10 05:37:48,0.01,0.01,61311.03,61361.18,-0.5,0.0,0.0,"0,88001",GOLD_PRO_TP3
1356945051,GOLD_PRO_TP2,BTCUSDm,SELL,2026-06-10 06:29:05,2026-06-10 16:44:32,0.01,0.01,61525.79,62339.08,-8.13,0.0,0.0,88001,GOLD_PRO_TP2 / [sl 62339.08000]
1356945053,GOLD_PRO_TP3,BTCUSDm,SELL,2026-06-10 06:29:05,2026-06-10 16:44:32,0.01,0.01,61525.79,62339.08,-8.13,0.0,0.0,88001,GOLD_PRO_TP3 / [sl 62339.08000]
1356746076,GOLD_PRO_TP1,ETHUSDm,SELL,2026-06-10 15:33:24,2026-06-10 19:54:35,0.25,0.25,1643.71,1640.22,0.87,0.0,0.0,"0,88001",GOLD_PRO_TP1
1356746080,GOLD_PRO_TP2,ETHUSDm,SELL,2026-06-10 15:33:24,2026-06-10 19:54:35,0.25,0.25,1643.71,1640.22,0.87,0.0,0.0,"0,88001",GOLD_PRO_TP2
1356746082,GOLD_PRO_TP3,ETHUSDm,SELL,2026-06-10 15:33:24,2026-06-10 19:54:35,0.25,0.25,1643.71,1640.22,0.87,0.0,0.0,"0,88001",GOLD_PRO_TP3
1356676312,GOLD_PRO_TP2,ETHUSDm,SELL,2026-06-10 16:31:43,2026-06-10 19:54:35,0.22,0.22,1644.97,1640.22,1.04,0.0,0.0,"0,88001",GOLD_PRO_TP2
1356676317,GOLD_PRO_TP3,ETHUSDm,SELL,2026-06-10 16:31:43,2026-06-10 19:54:35,0.22,0.22,1644.97,1640.22,1.04,0.0,0.0,"0,88001",GOLD_PRO_TP3
1355962435,GOLD_PRO_TP2,BTCUSDm,SELL,2026-06-10 16:37:10,2026-06-10 18:54:23,0.01,0.01,62049.93,62822.39,-7.72,0.0,0.0,88001,GOLD_PRO_TP2 / [sl 62822.39000]
1355962437,GOLD_PRO_TP3,BTCUSDm,SELL,2026-06-10 16:37:10,2026-06-10 18:54:23,0.01,0.01,62049.93,62822.39,-7.72,0.0,0.0,88001,GOLD_PRO_TP3 / [sl 62822.39000]
1355962705,GOLD_PRO_TP2,BTCUSDm,SELL,2026-06-10 16:37:10,2026-06-10 18:54:23,0.01,0.01,62035.72,62808.18,-7.72,0.0,0.0,88001,GOLD_PRO_TP2 / [sl 62808.18000]
1355962707,GOLD_PRO_TP3,BTCUSDm,SELL,2026-06-10 16:37:10,2026-06-10 18:54:23,0.01,0.01,62035.72,62808.18,-7.72,0.0,0.0,88001,GOLD_PRO_TP3 / [sl 62808.18000]
1355963361,GOLD_PRO_TP2,BTCUSDm,SELL,2026-06-10 16:37:10,2026-06-10 18:54:22,0.01,0.01,62005.38,62777.84,-7.73,0.0,0.0,88001,GOLD_PRO_TP2 / [sl 62777.84000]
1355963362,GOLD_PRO_TP3,BTCUSDm,SELL,2026-06-10 16:37:10,2026-06-10 18:54:22,0.01,0.01,62005.38,62777.84,-7.73,0.0,0.0,88001,GOLD_PRO_TP3 / [sl 62777.84000]
1355963717,GOLD_PRO_TP3,BTCUSDm,SELL,2026-06-10 16:37:10,2026-06-10 18:54:22,0.01,0.01,61989.26,62765.19,-7.76,0.0,0.0,88001,GOLD_PRO_TP3 / [sl 62765.19000]
1417207623,GOLD_PRO_SIGNAL,XAUUSDm,BUY,2026-06-22 22:46:11,2026-06-22 22:46:26,0.01,0.01,4185.062,4184.525,-0.53,0.0,0.0,88001,GOLD_PRO_PARTIAL / GOLD_PRO_SIGNAL
1417435585,GOLD_PRO_TP1,EURUSDm,SELL,2026-06-23 01:36:06,2026-06-23 10:05:14,0.02,0.02,1.14266,1.14256,0.2,0.0,0.0,88001,GOLD_PRO_PARTIAL / GOLD_PRO_TP1
1417435591,GOLD_PRO_TP2,EURUSDm,SELL,2026-06-23 01:36:06,2026-06-23 10:05:15,0.02,0.02,1.14266,1.14256,0.2,0.0,0.0,88001,GOLD_PRO_PARTIAL / GOLD_PRO_TP2
1417435626,GOLD_PRO_TP3,EURUSDm,SELL,2026-06-23 01:36:06,2026-06-23 10:05:15,0.01,0.01,1.14266,1.14298,-0.32,0.0,0.0,88001,GOLD_PRO_PARTIAL / GOLD_PRO_TP3
1417436330,GOLD_PRO_TP1,USDJPYm,BUY,2026-06-23 01:36:52,2026-06-25 15:15:39,0.01,0.01,161.606,161.863,1.59,0.0,0.0,"0,88001",GOLD_PRO_TP1
1417436336,GOLD_PRO_TP2,USDJPYm,BUY,2026-06-23 01:36:52,2026-06-25 15:15:39,0.01,0.01,161.606,161.863,1.59,0.0,0.0,"0,88001",GOLD_PRO_TP2
1417436340,GOLD_PRO_TP3,USDJPYm,BUY,2026-06-23 01:36:52,2026-06-25 15:15:39,0.01,0.01,161.606,161.863,1.59,0.0,0.0,"0,88001",GOLD_PRO_TP3
1417436347,GOLD_PRO_TP1,GBPUSDm,BUY,2026-06-23 01:37:26,2026-06-23 06:00:31,0.02,0.02,1.32476,1.32416,-1.21,0.0,0.0,88001,GOLD_PRO_PARTIAL / GOLD_PRO_TP1
1417436352,GOLD_PRO_TP2,GBPUSDm,BUY,2026-06-23 01:37:26,2026-06-23 06:00:01,0.01,0.01,1.32476,1.32414,-0.62,0.0,0.0,88001,GOLD_PRO_PARTIAL / GOLD_PRO_TP2
1417436359,GOLD_PRO_TP3,GBPUSDm,BUY,2026-06-23 01:37:26,2026-06-23 06:00:01,0.01,0.01,1.32476,1.32414,-0.62,0.0,0.0,88001,GOLD_PRO_PARTIAL / GOLD_PRO_TP3
1417438099,GOLD_PRO_TP1,US30_x10m,BUY,2026-06-23 01:37:33,2026-06-23 03:00:15,0.01,0.01,51852.5,51866.3,1.38,0.0,0.0,88001,GOLD_PRO_PARTIAL / GOLD_PRO_TP1
1417438102,GOLD_PRO_TP2,US30_x10m,BUY,2026-06-23 01:37:33,2026-06-23 03:00:15,0.01,0.01,51852.5,51866.3,1.38,0.0,0.0,88001,GOLD_PRO_PARTIAL / GOLD_PRO_TP2
1417438105,GOLD_PRO_TP3,US30_x10m,BUY,2026-06-23 01:37:33,2026-06-23 03:00:16,0.01,0.01,51852.5,51866.3,1.38,0.0,0.0,88001,GOLD_PRO_PARTIAL / GOLD_PRO_TP3
1417435649,GOLD_PRO_TP1,BTCUSDm,SELL,2026-06-23 03:43:29,2026-06-23 04:00:19,0.03,0.03,63998.91,64123.43,-3.73,0.0,0.0,88001,GOLD_PRO_TP1 / [sl 64122.16000]
1417435689,GOLD_PRO_TP2,BTCUSDm,SELL,2026-06-23 03:43:29,2026-06-23 04:00:19,0.02,0.02,63998.91,64123.43,-2.49,0.0,0.0,88001,GOLD_PRO_TP2 / [sl 64122.16000]
1417435702,GOLD_PRO_TP3,BTCUSDm,SELL,2026-06-23 03:43:29,2026-06-23 04:00:19,0.02,0.02,63998.91,64123.43,-2.49,0.0,0.0,88001,GOLD_PRO_TP3 / [sl 64122.16000]
1421816209,GOLD_PRO_TP1,XAUUSDm,BUY,2026-06-23 17:27:04,2026-06-23 17:27:26,0.08,0.08,4133.687,4132.222,-11.72,0.0,0.0,88001,GOLD_PRO_PARTIAL / GOLD_PRO_TP1
1421816358,GOLD_PRO_TP2,XAUUSDm,BUY,2026-06-23 17:27:05,2026-06-23 17:27:26,0.05,0.05,4133.916,4132.222,-8.47,0.0,0.0,88001,GOLD_PRO_PARTIAL / GOLD_PRO_TP2
1421816680,GOLD_PRO_TP3,XAUUSDm,BUY,2026-06-23 17:27:06,2026-06-23 17:27:26,0.04,0.04,4134.017,4132.16,-7.43,0.0,0.0,88001,GOLD_PRO_PARTIAL / GOLD_PRO_TP3
1421816769,GOLD_PRO_TP1,XAUUSDm,BUY,2026-06-23 17:27:07,2026-06-23 17:27:26,0.06,0.06,4134.104,4132.09,-12.08,0.0,0.0,88001,GOLD_PRO_PARTIAL / GOLD_PRO_TP1
1421816903,GOLD_PRO_TP2,XAUUSDm,BUY,2026-06-23 17:27:08,2026-06-23 17:27:26,0.04,0.04,4134.315,4132.09,-8.9,0.0,0.0,88001,GOLD_PRO_PARTIAL / GOLD_PRO_TP2
1421817012,GOLD_PRO_TP3,XAUUSDm,BUY,2026-06-23 17:27:10,2026-06-23 17:27:26,0.03,0.03,4134.072,4132.09,-5.95,0.0,0.0,88001,GOLD_PRO_PARTIAL / GOLD_PRO_TP3
1421817229,GOLD_PRO_TP1,XAUUSDm,SELL,2026-06-23 17:27:11,2026-06-23 19:33:33,0.02,0.02,4133.541,4137.1755,-7.27,0.0,0.0,88001,GOLD_PRO_PARTIAL / GOLD_PRO_TP1
1421817364,GOLD_PRO_TP2,XAUUSDm,SELL,2026-06-23 17:27:12,2026-06-23 19:33:34,0.02,0.02,4133.473,4137.205,-7.47,0.0,0.0,88001,GOLD_PRO_PARTIAL / GOLD_PRO_TP2
1421817464,GOLD_PRO_TP3,XAUUSDm,SELL,2026-06-23 17:27:13,2026-06-23 17:27:56,0.01,0.01,4133.399,4129.997,3.4,0.0,0.0,88001,GOLD_PRO_PARTIAL / GOLD_PRO_TP3
1421852448,GOLD_PRO_TP1,XAUUSDm,BUY,2026-06-23 17:32:15,2026-06-23 18:41:22,0.06,0.06,4128.429,4137.846,56.5,0.0,0.0,88001,GOLD_PRO_PARTIAL / GOLD_PRO_TP1 / [tp 4139.46000]
1421852454,GOLD_PRO_TP2,XAUUSDm,BUY,2026-06-23 17:32:15,2026-06-23 21:46:55,0.04,0.04,4128.429,4118.4045,-40.1,0.0,0.0,88001,GOLD_PRO_PARTIAL / GOLD_PRO_TP2 / [sl 4114.52000]
1421852460,GOLD_PRO_TP3,XAUUSDm,BUY,2026-06-23 17:32:15,2026-06-23 21:46:55,0.03,0.03,4128.429,4119.69933,-26.19,0.0,0.0,88001,GOLD_PRO_PARTIAL / GOLD_PRO_TP3 / [sl 4114.52000]
1421852468,GOLD_PRO_TP1,XAUUSDm,SELL,2026-06-23 17:32:16,2026-06-23 19:33:35,0.02,0.02,4128.169,4134.022,-11.71,0.0,0.0,88001,GOLD_PRO_PARTIAL / GOLD_PRO_TP1
1421852475,GOLD_PRO_TP2,XAUUSDm,SELL,2026-06-23 17:32:16,2026-06-23 19:33:36,0.02,0.02,4128.169,4134.083,-11.83,0.0,0.0,88001,GOLD_PRO_PARTIAL / GOLD_PRO_TP2
1421852485,GOLD_PRO_TP3,XAUUSDm,SELL,2026-06-23 17:32:16,2026-06-23 17:34:27,0.01,0.01,4128.169,4125.927,2.24,0.0,0.0,88001,GOLD_PRO_PARTIAL / GOLD_PRO_TP3
1421852498,GOLD_PRO_TP1,XAUUSDm,BUY,2026-06-23 17:32:16,2026-06-23 18:33:07,0.09,0.09,4128.429,4134.71844,56.61,0.0,0.0,88001,GOLD_PRO_PARTIAL / GOLD_PRO_TP1 / [tp 4136.05000]
1421852508,GOLD_PRO_TP2,XAUUSDm,BUY,2026-06-23 17:32:16,2026-06-23 19:37:04,0.06,0.06,4128.429,4140.343,71.48,0.0,0.0,88001,GOLD_PRO_PARTIAL / GOLD_PRO_TP2 / [tp 4142.40000]
1421852534,GOLD_PRO_TP3,XAUUSDm,BUY,2026-06-23 17:32:16,2026-06-23 21:41:06,0.04,0.04,4128.429,4121.4645,-27.86,0.0,0.0,88001,GOLD_PRO_PARTIAL / GOLD_PRO_TP3 / [sl 4118.60000]
1422479905,GOLD_PRO_TP1,XAUUSDm,BUY,2026-06-23 19:33:38,2026-06-23 19:57:05,0.11,0.11,4142.109,4136.65955,-59.94,0.0,0.0,88001,GOLD_PRO_PARTIAL / GOLD_PRO_TP1 / [sl 4134.52000]
1422480100,GOLD_PRO_TP2,XAUUSDm,BUY,2026-06-23 19:33:39,2026-06-23 19:57:05,0.07,0.07,4142.242,4137.06143,-36.26,0.0,0.0,88001,GOLD_PRO_PARTIAL / GOLD_PRO_TP2 / [sl 4134.52000]
1422480307,GOLD_PRO_TP3,XAUUSDm,BUY,2026-06-23 19:33:40,2026-06-23 19:57:05,0.05,0.05,4142.124,4136.089,-30.17,0.0,0.0,88001,GOLD_PRO_PARTIAL / GOLD_PRO_TP3 / [sl 4134.52000]
1422575589,GOLD_PRO_TP1,XAUUSDm,SELL,2026-06-23 19:57:11,2026-06-23 20:14:16,0.11,0.11,4133.311,4137.87427,-50.2,0.0,0.0,88001,GOLD_PRO_PARTIAL / GOLD_PRO_TP1
1422575620,GOLD_PRO_TP2,XAUUSDm,SELL,2026-06-23 19:57:11,2026-06-23 20:14:17,0.07,0.07,4132.983,4137.43571,-31.16,0.0,0.0,88001,GOLD_PRO_PARTIAL / GOLD_PRO_TP2
1422575648,GOLD_PRO_TP3,XAUUSDm,SELL,2026-06-23 19:57:11,2026-06-23 20:14:18,0.05,0.05,4132.93,4137.8724,-24.71,0.0,0.0,88001,GOLD_PRO_PARTIAL / GOLD_PRO_TP3
1422575675,GOLD_PRO_TP1,XAUUSDm,BUY,2026-06-23 19:57:11,2026-06-23 21:30:04,0.06,0.06,4133.083,4122.6155,-62.81,0.0,0.0,88001,GOLD_PRO_PARTIAL / GOLD_PRO_TP1 / [sl 4120.26000]
1422575688,GOLD_PRO_TP2,XAUUSDm,BUY,2026-06-23 19:57:11,2026-06-23 21:30:04,0.04,0.04,4133.083,4123.68375,-37.59,0.0,0.0,88001,GOLD_PRO_PARTIAL / GOLD_PRO_TP2 / [sl 4120.26000]
1422575764,GOLD_PRO_TP3,XAUUSDm,BUY,2026-06-23 19:57:11,2026-06-23 21:30:04,0.03,0.03,4132.979,4124.918,-24.19,0.0,0.0,88001,GOLD_PRO_PARTIAL / GOLD_PRO_TP3 / [sl 4120.26000]
1425714810,GOLD_PRO_TP1,XAUUSDm,SELL,2026-06-24 11:00:11,2026-06-24 14:06:00,0.03,0.03,4075.551,4049.81,77.22,0.0,0.0,88001,GOLD_PRO_TP1 / [tp 4049.81000]
1425714814,GOLD_PRO_TP2,XAUUSDm,SELL,2026-06-24 11:00:11,2026-06-24 15:25:03,0.02,0.02,4075.551,4027.256,96.59,0.0,0.0,88001,GOLD_PRO_TP2 / [tp 4029.22000]
1425714823,GOLD_PRO_TP3,XAUUSDm,SELL,2026-06-24 11:00:12,2026-06-24 15:25:59,0.01,0.01,4075.551,4008.63,66.92,0.0,0.0,88001,GOLD_PRO_TP3 / [tp 4008.63000]
1425714827,GOLD_PRO_TP1,XAUUSDm,SELL,2026-06-24 11:00:12,2026-06-24 13:15:51,0.04,0.04,4075.551,4059.0,66.2,0.0,0.0,88001,GOLD_PRO_TP1 / [tp 4059.00000]
1425714834,GOLD_PRO_TP2,XAUUSDm,SELL,2026-06-24 11:00:12,2026-06-24 14:14:42,0.03,0.03,4075.551,4045.76,89.37,0.0,0.0,88001,GOLD_PRO_TP2 / [tp 4045.76000]
1425714836,GOLD_PRO_TP3,XAUUSDm,SELL,2026-06-24 11:00:12,2026-06-24 15:25:02,0.02,0.02,4075.551,4032.53,86.04,0.0,0.0,88001,GOLD_PRO_TP3 / [tp 4032.53000]
1425714839,GOLD_PRO_TP1,XAUUSDm,SELL,2026-06-24 11:00:12,2026-06-24 11:30:46,0.11,0.11,4075.551,4082.94,-81.28,0.0,0.0,88001,GOLD_PRO_TP1 / [sl 4082.94000]
1425714845,GOLD_PRO_TP2,XAUUSDm,SELL,2026-06-24 11:00:12,2026-06-24 11:30:46,0.07,0.07,4075.551,4082.94,-51.72,0.0,0.0,88001,GOLD_PRO_TP2 / [sl 4082.94000]
1425714852,GOLD_PRO_TP3,XAUUSDm,SELL,2026-06-24 11:00:12,2026-06-24 11:30:46,0.05,0.05,4075.551,4082.94,-36.94,0.0,0.0,88001,GOLD_PRO_TP3 / [sl 4082.94000]
1445309413,GOLD_PRO_TP1,BTCUSDm,BUY,2026-06-27 22:00:37,2026-06-27 22:19:50,0.15,0.15,60465.34,60380.96,-12.66,0.0,0.0,88012,GOLD_PRO_TP1 / [sl 60393.41000]
1445309414,GOLD_PRO_TP2,BTCUSDm,BUY,2026-06-27 22:00:37,2026-06-27 22:19:50,0.09,0.09,60465.34,60380.96,-7.59,0.0,0.0,88012,GOLD_PRO_TP2 / [sl 60393.41000]
1445309416,GOLD_PRO_TP3,BTCUSDm,BUY,2026-06-27 22:00:37,2026-06-27 22:19:50,0.06,0.06,60465.34,60380.96,-5.06,0.0,0.0,88012,GOLD_PRO_TP3 / [sl 60393.41000]
1445320273,GOLD_PRO_TP1,BTCUSDm,BUY,2026-06-27 22:19:55,2026-06-27 22:24:48,0.11,0.11,60390.04,60259.72,-14.33,0.0,0.0,88012,GOLD_PRO_TP1 / [sl 60259.72000]
1445320275,GOLD_PRO_TP2,BTCUSDm,BUY,2026-06-27 22:19:55,2026-06-27 22:24:48,0.07,0.07,60390.04,60259.72,-9.12,0.0,0.0,88012,GOLD_PRO_TP2 / [sl 60259.72000]
1445320276,GOLD_PRO_TP3,BTCUSDm,BUY,2026-06-27 22:19:55,2026-06-27 22:24:48,0.05,0.05,60390.04,60259.72,-6.51,0.0,0.0,88012,GOLD_PRO_TP3 / [sl 60259.72000]
1445900096,GOLD_PRO_TP1,BTCUSDm,BUY,2026-06-28 15:30:17,2026-06-28 16:05:04,0.16,0.16,60267.07,59932.29,-53.56,0.0,0.0,88012,GOLD_PRO_TP1 / [sl 59932.29000]
1445900097,GOLD_PRO_TP2,BTCUSDm,BUY,2026-06-28 15:30:17,2026-06-28 16:05:04,0.1,0.1,60267.07,59932.29,-33.48,0.0,0.0,88012,GOLD_PRO_TP2 / [sl 59932.29000]
1445900098,GOLD_PRO_TP3,BTCUSDm,BUY,2026-06-28 15:30:17,2026-06-28 16:05:04,0.07,0.07,60267.07,59932.29,-23.43,0.0,0.0,88012,GOLD_PRO_TP3 / [sl 59932.29000]
1445906378,GOLD_PRO_TP1,BTCUSDm,BUY,2026-06-28 15:34:51,2026-06-28 18:53:46,0.11,0.11,60269.88,59773.22,-54.64,0.0,0.0,88012,GOLD_PRO_TP1 / [sl 59773.22000]
1445906379,GOLD_PRO_TP2,BTCUSDm,BUY,2026-06-28 15:34:51,2026-06-28 18:53:46,0.07,0.07,60269.88,59773.22,-34.76,0.0,0.0,88012,GOLD_PRO_TP2 / [sl 59773.22000]
1445906380,GOLD_PRO_TP3,BTCUSDm,BUY,2026-06-28 15:34:51,2026-06-28 18:53:46,0.05,0.05,60269.88,59773.22,-24.83,0.0,0.0,88012,GOLD_PRO_TP3 / [sl 59773.22000]
1447176840,GOLD_PRO_TP1,BTCUSDm,SELL,2026-06-29 03:17:02,2026-06-29 03:31:15,0.01,0.01,59318.31,59021.02,2.97,0.0,0.0,88012,GOLD_PRO_TP1 / [tp 59021.02000]
1447176844,GOLD_PRO_TP2,BTCUSDm,SELL,2026-06-29 03:17:02,2026-06-29 03:50:10,0.01,0.01,59318.31,59321.15,-0.03,0.0,0.0,88012,GOLD_PRO_TP2 / [sl 59318.31000]
1447176855,GOLD_PRO_TP3,BTCUSDm,SELL,2026-06-29 03:17:02,2026-06-29 03:25:37,0.01,0.01,59320.84,59271.19,0.5,0.0,0.0,88012,GOLD_PRO_TP3 / [sl 59268.49]
1447321072,GOLD_PRO_TP1,BTCUSDm,SELL,2026-06-29 03:50:21,2026-06-29 04:25:32,0.01,0.01,59306.92,59306.92,0.0,0.0,0.0,88012,GOLD_PRO_TP1 / [sl 59306.92000]
1447321077,GOLD_PRO_TP2,BTCUSDm,SELL,2026-06-29 03:50:21,2026-06-29 04:25:32,0.01,0.01,59305.18,59305.18,0.0,0.0,0.0,88012,GOLD_PRO_TP2 / [sl 59305.18000]
1447321084,GOLD_PRO_TP3,BTCUSDm,SELL,2026-06-29 03:50:21,2026-06-29 04:25:32,0.01,0.01,59305.18,59305.18,0.0,0.0,0.0,88012,GOLD_PRO_TP3 / [sl 59305.18]
1447467028,GOLD_PRO_SIGNAL,GBPCHFm,BUY,2026-06-29 04:17:12,2026-06-29 09:55:19,0.01,0.01,1.0693,1.0693,0.0,0.0,0.0,88012,GOLD_PRO_SIGNAL / [sl 1.06930]
1447470430,GOLD_PRO_SIGNAL,CADCHFm,BUY,2026-06-29 04:17:46,2026-06-29 14:11:05,0.01,0.01,0.57078,0.56928,-1.86,0.0,0.0,88012,GOLD_PRO_SIGNAL / [sl 0.56928]
1447500018,GOLD_PRO_SIGNAL,AUDUSDm,SELL,2026-06-29 04:24:59,2026-06-29 04:32:03,0.01,0.01,0.68848,0.68844,0.04,0.0,0.0,88012,GOLD_PRO_SIGNAL / [sl 0.68844]
1447500021,GOLD_PRO_SIGNAL,USDCADm,BUY,2026-06-29 04:24:59,2026-06-29 11:30:23,0.01,0.01,1.41909,1.41909,0.0,0.0,0.0,88012,GOLD_PRO_SIGNAL / [sl 1.41909]
1447500023,GOLD_PRO_SIGNAL,NZDUSDm,SELL,2026-06-29 04:24:59,2026-06-29 08:35:03,0.01,0.01,0.56388,0.5648,-0.92,0.0,0.0,88012,GOLD_PRO_SIGNAL / [sl 0.56480]
1447500026,GOLD_PRO_SIGNAL,CHFJPYm,SELL,2026-06-29 04:24:59,2026-06-29 09:32:55,0.01,0.01,199.713,200.008,-1.82,0.0,0.0,88012,GOLD_PRO_SIGNAL / [sl 200.008]
1447500031,GOLD_PRO_SIGNAL,US30_x10m,SELL,2026-06-29 04:24:59,2026-06-29 04:28:18,0.01,0.01,52063.2,52063.2,0.0,0.0,0.0,88012,GOLD_PRO_SIGNAL / [sl 52063.2]
1447500035,GOLD_PRO_SIGNAL,EURNZDm,BUY,2026-06-29 04:24:59,2026-06-29 08:56:30,0.01,0.01,2.01962,2.01586,-2.13,0.0,0.0,88012,GOLD_PRO_SIGNAL / [sl 2.01586]
1447500038,GOLD_PRO_SIGNAL,GBPNZDm,BUY,2026-06-29 04:24:59,2026-06-29 09:26:38,0.01,0.01,2.34113,2.33669,-2.51,0.0,0.0,88012,GOLD_PRO_SIGNAL / [sl 2.33669]
1447500039,GOLD_PRO_SIGNAL,NZDJPYm,SELL,2026-06-29 04:24:59,2026-06-29 08:17:51,0.01,0.01,91.212,91.373,-1.0,0.0,0.0,88012,GOLD_PRO_SIGNAL / [sl 91.37300]
1447500042,GOLD_PRO_SIGNAL,NZDCADm,SELL,2026-06-29 04:24:59,2026-06-29 08:52:54,0.01,0.01,0.8001,0.80154,-1.02,0.0,0.0,88012,GOLD_PRO_SIGNAL / [sl 0.80154]
1447500045,GOLD_PRO_SIGNAL,AUDNZDm,BUY,2026-06-29 04:24:59,2026-06-29 17:53:43,0.01,0.01,1.221,1.21897,-1.15,0.0,0.0,88012,GOLD_PRO_SIGNAL / [sl 1.21897]
1447500052,GOLD_PRO_SIGNAL,USDJPYm,BUY,2026-06-29 04:24:59,2026-06-29 09:56:39,0.01,0.01,161.752,161.779,0.17,0.0,0.0,88012,GOLD_PRO_SIGNAL / [sl 161.77900]
1447500057,GOLD_PRO_SIGNAL,AUDCADm,SELL,2026-06-29 04:24:59,2026-06-29 09:18:53,0.01,0.01,0.97687,0.97859,-1.21,0.0,0.0,88012,GOLD_PRO_SIGNAL / [sl 0.97859]
1447500062,GOLD_PRO_SIGNAL,EURCADm,SELL,2026-06-29 04:24:59,2026-06-30 22:57:05,0.01,0.01,1.61597,1.62099,-3.54,0.0,0.0,"0,88012",GOLD_PRO_SIGNAL
1447500063,GOLD_PRO_SIGNAL,GBPCADm,BUY,2026-06-29 04:24:59,2026-06-30 22:57:05,0.01,0.01,1.87329,1.88145,5.75,0.0,0.0,"0,88012",GOLD_PRO_SIGNAL
1447500065,GOLD_PRO_SIGNAL,NZDCHFm,BUY,2026-06-29 04:25:00,2026-06-29 05:52:35,0.01,0.01,0.45679,0.45679,0.0,0.0,0.0,88012,GOLD_PRO_SIGNAL / [sl 0.45679]
1447500068,GOLD_PRO_SIGNAL,USDCHFm,BUY,2026-06-29 04:25:00,2026-06-29 13:07:22,0.01,0.01,0.80991,0.80837,-1.91,0.0,0.0,88012,GOLD_PRO_SIGNAL / [sl 0.80837]
1447500071,GOLD_PRO_SIGNAL,CADJPYm,SELL,2026-06-29 04:25:00,2026-06-29 15:22:54,0.01,0.01,113.979,113.979,0.0,0.0,0.0,88012,GOLD_PRO_SIGNAL / [sl 113.979]
1447500083,GOLD_PRO_SIGNAL,ETHUSDm,SELL,2026-06-29 04:25:00,2026-06-29 05:21:46,0.1,0.1,1562.19,1562.19,0.0,0.0,0.0,88012,GOLD_PRO_SIGNAL / [sl 1562.19000]
1447500095,GOLD_PRO_SIGNAL,EURGBPm,SELL,2026-06-29 04:25:00,2026-06-29 08:50:32,0.01,0.01,0.86261,0.86253,0.11,0.0,0.0,88012,GOLD_PRO_SIGNAL / [sl 0.86253]
1447500110,GOLD_PRO_SIGNAL,EURUSDm,SELL,2026-06-29 04:25:00,2026-06-29 05:16:00,0.01,0.01,1.13886,1.13886,0.0,0.0,0.0,88012,GOLD_PRO_SIGNAL / [sl 1.13886]
1447500124,GOLD_PRO_SIGNAL,GBPUSDm,SELL,2026-06-29 04:25:00,2026-06-29 05:02:35,0.01,0.01,1.32014,1.32006,0.08,0.0,0.0,88012,GOLD_PRO_SIGNAL / [sl 1.32006]
1447500132,GOLD_PRO_SIGNAL,EURCHFm,BUY,2026-06-29 04:25:00,2026-06-29 10:01:07,0.01,0.01,0.92242,0.92242,0.0,0.0,0.0,88012,GOLD_PRO_SIGNAL / [sl 0.92242]
1447514459,GOLD_PRO_SIGNAL,AUDCHFm,SELL,2026-06-29 04:27:45,2026-06-29 17:16:56,0.01,0.01,0.55753,0.55627,1.56,0.0,0.0,88012,GOLD_PRO_SIGNAL / [tp 0.55627]
1447537541,GOLD_PRO_SIGNAL,AUDUSDm,SELL,2026-06-29 04:32:34,2026-06-29 09:18:53,0.01,0.01,0.68835,0.6898,-1.45,0.0,0.0,88012,GOLD_PRO_SIGNAL / [sl 0.68980]
1447602697,GOLD_PRO_SIGNAL,GBPJPYm,BUY,2026-06-29 04:47:45,2026-06-29 06:45:11,0.01,0.01,213.575,213.575,0.0,0.0,0.0,88012,GOLD_PRO_SIGNAL / [sl 213.57500]
1447602698,GOLD_PRO_SIGNAL,EURJPYm,BUY,2026-06-29 04:47:45,2026-06-29 09:51:54,0.01,0.01,184.26,184.517,1.59,0.0,0.0,88012,GOLD_PRO_SIGNAL / [tp 184.51700]
1447634580,GOLD_PRO_SIGNAL,US30_x10m,SELL,2026-06-29 04:55:27,2026-06-29 04:58:10,0.01,0.01,52065.5,52087.1,-2.16,0.0,0.0,88012,GOLD_PRO_SIGNAL / [sl 52087.10000]
1447727628,GOLD_PRO_SIGNAL,EURUSDm,SELL,2026-06-29 05:16:32,2026-06-29 08:30:04,0.01,0.01,1.1388,1.1388,0.0,0.0,0.0,88012,GOLD_PRO_SIGNAL / [sl 1.13880]
1447748323,GOLD_PRO_SIGNAL,ETHUSDm,SELL,2026-06-29 05:22:02,2026-06-29 06:05:32,0.1,0.1,1560.21,1585.38,-2.52,0.0,0.0,88012,GOLD_PRO_SIGNAL / [sl 1585.38000]
1447761867,GOLD_PRO_SIGNAL,US30_x10m,SELL,2026-06-29 05:25:55,2026-06-29 05:27:23,0.01,0.01,52070.6,52087.1,-1.65,0.0,0.0,88012,GOLD_PRO_SIGNAL / [sl 52087.1]
1447766186,GOLD_PRO_SIGNAL,XAGUSDm,SELL,2026-06-29 05:27:33,2026-06-29 05:47:23,0.01,0.01,58.737,58.74,-0.15,0.0,0.0,88012,GOLD_PRO_SIGNAL / [sl 58.73700]
1447804594,GOLD_PRO_SIGNAL,GBPUSDm,BUY,2026-06-29 05:37:02,2026-06-29 09:57:00,0.01,0.01,1.32063,1.3226,1.97,0.0,0.0,88012,GOLD_PRO_SIGNAL / [tp 1.32260]
1447874649,GOLD_PRO_SIGNAL,NZDCHFm,BUY,2026-06-29 05:53:08,2026-06-29 09:18:52,0.01,0.01,0.45696,0.45747,0.63,0.0,0.0,88012,GOLD_PRO_SIGNAL / [tp 0.45747]
1447915815,GOLD_PRO_SIGNAL,ETHUSDm,SELL,2026-06-29 06:05:58,2026-06-29 06:07:14,0.1,0.1,1581.71,1581.71,0.0,0.0,0.0,88012,GOLD_PRO_SIGNAL / [sl 1581.71000]
1447959573,GOLD_PRO_SIGNAL,ETHUSDm,BUY,2026-06-29 06:17:35,2026-06-29 06:31:47,0.1,0.1,1582.29,1582.29,0.0,0.0,0.0,88012,GOLD_PRO_SIGNAL / [sl 1582.29000]
1448004736,GOLD_PRO_SIGNAL,ETHUSDm,BUY,2026-06-29 06:32:01,2026-06-29 08:01:17,0.1,0.1,1583.88,1570.1,-1.38,0.0,0.0,88012,GOLD_PRO_SIGNAL / [sl 1570.10000]
1451540968,GOLD_PRO_SIGNAL,XAUUSDm,SELL,2026-06-29 17:54:53,2026-06-29 18:15:45,0.01,0.01,4025.947,4025.947,0.0,0.0,0.0,88012,GOLD_PRO_SIGNAL / [sl 4025.94700]
1451664455,GOLD_PRO_SIGNAL,EURUSDm,BUY,2026-06-29 18:16:17,2026-06-29 18:55:00,0.01,0.01,1.14209,1.14209,0.0,0.0,0.0,88012,GOLD_PRO_SIGNAL / [sl 1.14209]
1451884165,GOLD_PRO_SIGNAL,EURUSDm,BUY,2026-06-29 18:55:54,2026-06-29 19:02:36,0.01,0.01,1.14234,1.14248,0.14,0.0,0.0,88012,GOLD_PRO_SIGNAL / [tp 1.14248]
1451915466,GOLD_PRO_SIGNAL,NZDJPYm,BUY,2026-06-29 19:03:04,2026-06-29 19:58:22,0.01,0.01,91.503,91.503,0.0,0.0,0.0,88012,GOLD_PRO_SIGNAL / [sl 91.503]
1452139960,GOLD_PRO_SIGNAL,AUDCHFm,SELL,2026-06-29 19:59:00,2026-06-30 03:38:09,0.01,0.01,0.55628,0.55529,1.23,0.0,0.0,88012,GOLD_PRO_SIGNAL / [tp 0.55529]
1452487623,GOLD_PRO_SIGNAL,XAUUSDm,SELL,2026-06-29 21:26:54,2026-06-30 03:08:46,0.01,0.01,4023.594,4004.94,18.65,0.0,0.0,88012,GOLD_PRO_SIGNAL / [tp 4004.94000]
1455109892,GOLD_PRO_SIGNAL,XAUUSDm,SELL,2026-06-30 11:00:33,2026-06-30 14:13:09,0.01,0.01,4033.577,4033.577,0.0,0.0,0.0,88012,GOLD_PRO_SIGNAL / [sl 4033.57700]
1455957337,GOLD_PRO_SIGNAL,XAUUSDm,SELL,2026-06-30 14:13:24,2026-06-30 14:40:57,0.01,0.01,4033.295,4033.295,0.0,0.0,0.0,88012,GOLD_PRO_SIGNAL / [sl 4033.29500]
1456077620,GOLD_PRO_SIGNAL,XAUUSDm,SELL,2026-06-30 14:41:25,2026-06-30 16:20:12,0.01,0.01,4033.251,4033.251,0.0,0.0,0.0,88012,GOLD_PRO_SIGNAL / [sl 4033.25100]
1456710292,GOLD_PRO_SIGNAL,XAUUSDm,SELL,2026-06-30 16:20:47,2026-06-30 16:30:43,0.01,0.01,4030.537,4027.492,3.05,0.0,0.0,88012,GOLD_PRO_SIGNAL / [sl 4027.49200]
1456789957,GOLD_PRO_SIGNAL,XAUUSDm,BUY,2026-06-30 16:31:01,2026-06-30 17:00:02,0.01,0.01,4025.92,4025.92,0.0,0.0,0.0,88012,GOLD_PRO_SIGNAL / [sl 4025.92000]
1456950196,GOLD_PRO_SIGNAL,XAUUSDm,BUY,2026-06-30 17:00:40,2026-06-30 18:17:39,0.01,0.01,4028.935,4028.935,0.0,0.0,0.0,88012,GOLD_PRO_SIGNAL / [sl 4028.93500]
1457624085,GOLD_PRO_SIGNAL,XAUUSDm,BUY,2026-06-30 18:18:02,2026-06-30 18:36:14,0.01,0.01,4027.812,4027.812,0.0,0.0,0.0,88012,GOLD_PRO_SIGNAL / [sl 4027.812]
1457747679,GOLD_PRO_SIGNAL,XAUUSDm,BUY,2026-06-30 18:38:02,2026-06-30 18:57:50,0.01,0.01,4030.174,4030.174,0.0,0.0,0.0,88012,GOLD_PRO_SIGNAL / [sl 4030.17400]
1457844046,GOLD_PRO_SIGNAL,XAUUSDm,BUY,2026-06-30 18:58:13,2026-06-30 19:49:43,0.01,0.01,4030.465,4031.065,0.6,0.0,0.0,88012,GOLD_PRO_SIGNAL / [sl 4031.06500]
1458065218,GOLD_PRO_SIGNAL,XAUUSDm,BUY,2026-06-30 19:50:09,2026-06-30 22:57:05,0.01,0.01,4031.579,4016.098,-15.48,0.0,0.0,"0,88012",GOLD_PRO_SIGNAL
1458749475,GOLD_PRO_SIGNAL,XAUUSDm,SELL,2026-06-30 22:59:22,2026-06-30 23:16:23,0.1,0.1,4015.577,4020.124,-45.47,0.0,0.0,"0,88012",GOLD_PRO_SIGNAL
1458752354,GOLD_PRO_SIGNAL,XAUUSDm,SELL,2026-06-30 22:59:42,2026-06-30 23:16:23,0.1,0.1,4015.079,4020.124,-50.45,0.0,0.0,"0,88012",GOLD_PRO_SIGNAL
1458753315,GOLD_PRO_SIGNAL,XAUUSDm,SELL,2026-06-30 22:59:57,2026-06-30 23:01:02,0.1,0.1,4015.856,4016.066,-2.1,0.0,0.0,88012,GOLD_PRO_SIGNAL / [sl 4015.856]
1458754784,GOLD_PRO_SIGNAL,XAUUSDm,SELL,2026-06-30 23:00:12,2026-06-30 23:16:23,0.1,0.1,4015.545,4020.124,-45.79,0.0,0.0,"0,88012",GOLD_PRO_SIGNAL
1458762971,GOLD_PRO_SIGNAL,XAUUSDm,SELL,2026-06-30 23:01:27,2026-06-30 23:16:23,0.1,0.1,4016.356,4020.124,-37.68,0.0,0.0,"0,88012",GOLD_PRO_SIGNAL
1458763884,GOLD_PRO_SIGNAL,XAUUSDm,SELL,2026-06-30 23:01:43,2026-06-30 23:16:23,0.1,0.1,4016.6,4020.124,-35.24,0.0,0.0,"0,88012",GOLD_PRO_SIGNAL
1458764814,GOLD_PRO_SIGNAL,XAUUSDm,SELL,2026-06-30 23:01:58,2026-06-30 23:16:23,0.1,0.1,4017.067,4020.124,-30.57,0.0,0.0,"0,88012",GOLD_PRO_SIGNAL
1458805051,GOLD_PRO_SIGNAL,XAUUSDm,SELL,2026-06-30 23:16:51,2026-06-30 23:25:07,0.16,0.16,4020.385,4015.385,80.0,0.0,0.0,88012,GOLD_PRO_SIGNAL / [tp 4015.38500]
1458805930,GOLD_PRO_SIGNAL,XAUUSDm,SELL,2026-06-30 23:17:18,2026-06-30 23:25:07,0.16,0.16,4020.082,4015.082,80.0,0.0,0.0,88012,GOLD_PRO_SIGNAL / [tp 4015.08200]
1458812384,GOLD_PRO_SIGNAL,XAUUSDm,SELL,2026-06-30 23:20:04,2026-06-30 23:28:41,0.16,0.16,4017.679,4012.679,80.0,0.0,0.0,88012,GOLD_PRO_SIGNAL / [tp 4012.67900]
1458824515,GOLD_PRO_SIGNAL,XAUUSDm,SELL,2026-06-30 23:25:20,2026-06-30 23:55:32,0.17,0.17,4014.332,4009.332,85.0,0.0,0.0,88012,GOLD_PRO_SIGNAL / [tp 4009.33200]
1458831781,GOLD_PRO_SIGNAL,XAUUSDm,SELL,2026-06-30 23:28:22,2026-06-30 23:55:40,0.17,0.17,4013.254,4008.254,85.0,0.0,0.0,88012,GOLD_PRO_SIGNAL / [tp 4008.25400]
1460524947,GOLD_PRO_SIGNAL,EURJPYm,SELL,2026-07-01 09:23:05,2026-07-01 09:43:01,3.48,3.48,185.55,185.509,87.69,0.0,0.0,88012,GOLD_PRO_SIGNAL / [tp 185.50900]
1460525921,GOLD_PRO_SIGNAL,EURUSDm,SELL,2026-07-01 09:23:21,2026-07-01 09:24:05,5.48,5.48,1.1403,1.14046,-87.68,0.0,0.0,88012,GOLD_PRO_SIGNAL / [sl 1.14046]
1460526118,GOLD_PRO_SIGNAL,USDCADm,BUY,2026-07-01 09:23:24,2026-07-01 09:58:06,2.52,2.52,1.42156,1.42156,0.0,0.0,0.0,88012,GOLD_PRO_SIGNAL / [sl 1.42156]
1460530127,GOLD_PRO_SIGNAL,USDCADm,BUY,2026-07-01 09:24:19,2026-07-01 09:58:00,2.5,2.5,1.42157,1.42157,0.0,0.0,0.0,88012,GOLD_PRO_SIGNAL / [sl 1.42157]
1460604044,GOLD_PRO_SIGNAL,EURJPYm,SELL,2026-07-01 09:43:20,2026-07-01 09:54:29,3.54,3.54,185.491,185.532,-89.21,0.0,0.0,88012,GOLD_PRO_SIGNAL / [sl 185.53200]
1460646078,GOLD_PRO_SIGNAL,EURUSDm,SELL,2026-07-01 09:54:45,2026-07-01 09:54:55,4.88,4.88,1.14026,1.14044,-87.84,0.0,0.0,88012,GOLD_PRO_SIGNAL / [sl 1.14044]
1460646791,GOLD_PRO_SIGNAL,USDCADm,BUY,2026-07-01 09:55:01,2026-07-01 10:00:19,2.27,2.27,1.42193,1.42139,-86.24,0.0,0.0,88012,GOLD_PRO_SIGNAL / [sl 1.42139]
1460655151,GOLD_PRO_SIGNAL,EURUSDm,SELL,2026-07-01 09:58:02,2026-07-01 10:00:46,4.75,4.75,1.14033,1.14015,85.5,0.0,0.0,88012,GOLD_PRO_SIGNAL / [tp 1.14015]
1460656467,GOLD_PRO_SIGNAL,USDCADm,BUY,2026-07-01 09:58:17,2026-07-01 10:06:16,2.23,2.23,1.42168,1.4217,3.14,0.0,0.0,"0,88012",GOLD_PRO_SIGNAL
1460665834,GOLD_PRO_SIGNAL,USDCHFm,BUY,2026-07-01 10:00:48,2026-07-01 10:03:16,3.48,3.48,0.80968,0.80948,-85.98,0.0,0.0,88012,GOLD_PRO_SIGNAL / [sl 0.80948]
1460668629,GOLD_PRO_SIGNAL,EURUSDm,SELL,2026-07-01 10:01:25,2026-07-01 10:03:14,4.53,4.53,1.13999,1.14019,-90.6,0.0,0.0,88012,GOLD_PRO_SIGNAL / [sl 1.14018]
1461168455,GOLD_PRO_SIGNAL,XAUUSDm,BUY,2026-07-01 12:00:28,2026-07-01 12:18:24,0.16,0.16,3973.198,3978.198,80.0,0.0,0.0,88012,GOLD_PRO_SIGNAL / [tp 3978.19800]
1461177757,GOLD_PRO_SIGNAL,XAUUSDm,BUY,2026-07-01 12:03:35,2026-07-01 12:21:50,0.16,0.16,3975.686,3977.409,27.56,0.0,0.0,88012,GOLD_PRO_SIGNAL / [sl 3977.40900]
1461178818,GOLD_PRO_SIGNAL,XAUUSDm,BUY,2026-07-01 12:03:51,2026-07-01 12:32:04,0.16,0.16,3975.56,3980.56,80.0,0.0,0.0,88012,GOLD_PRO_SIGNAL / [tp 3980.56000]
1461249243,GOLD_PRO_SIGNAL,XAUUSDm,BUY,2026-07-01 12:24:40,2026-07-01 12:46:26,0.17,0.17,3978.334,3983.334,85.0,0.0,0.0,88012,GOLD_PRO_SIGNAL / [tp 3983.33400]
1461256636,GOLD_PRO_SIGNAL,XAUUSDm,BUY,2026-07-01 12:27:41,2026-07-01 12:46:27,0.17,0.17,3979.06,3984.06,85.0,0.0,0.0,88012,GOLD_PRO_SIGNAL / [tp 3984.06000]
1461274984,GOLD_PRO_SIGNAL,XAUUSDm,BUY,2026-07-01 12:32:12,2026-07-01 13:01:33,0.17,0.17,3981.109,3986.109,85.0,0.0,0.0,88012,GOLD_PRO_SIGNAL / [tp 3986.10900]
1461328874,GOLD_PRO_SIGNAL,XAUUSDm,BUY,2026-07-01 12:46:29,2026-07-01 13:04:25,0.17,0.17,3983.851,3988.851,85.0,0.0,0.0,88012,GOLD_PRO_SIGNAL / [tp 3988.85100]
1461330294,GOLD_PRO_SIGNAL,XAUUSDm,BUY,2026-07-01 12:46:44,2026-07-01 13:04:24,0.17,0.17,3983.677,3988.677,85.0,0.0,0.0,88012,GOLD_PRO_SIGNAL / [tp 3988.67700]
1461392208,GOLD_PRO_SIGNAL,XAUUSDm,BUY,2026-07-01 13:01:46,2026-07-01 13:33:12,0.17,0.17,3985.475,3990.475,85.0,0.0,0.0,88012,GOLD_PRO_SIGNAL / [tp 3990.47500]
1461410348,GOLD_PRO_SIGNAL,XAUUSDm,BUY,2026-07-01 13:04:31,2026-07-01 13:14:10,0.18,0.18,3989.269,3984.269,-90.0,0.0,0.0,88012,GOLD_PRO_SIGNAL / [sl 3984.26900]
1461411960,GOLD_PRO_SIGNAL,XAUUSDm,BUY,2026-07-01 13:04:46,2026-07-01 13:14:10,0.18,0.18,3988.765,3983.765,-90.0,0.0,0.0,88012,GOLD_PRO_SIGNAL / [sl 3983.76500]
1461454786,GOLD_PRO_SIGNAL,XAUUSDm,BUY,2026-07-01 13:14:17,2026-07-01 13:31:03,0.17,0.17,3984.077,3989.077,85.0,0.0,0.0,88012,GOLD_PRO_SIGNAL / [tp 3989.07700]
1461468349,GOLD_PRO_SIGNAL,XAUUSDm,BUY,2026-07-01 13:17:18,2026-07-01 13:30:47,0.17,0.17,3983.714,3988.714,85.0,0.0,0.0,88012,GOLD_PRO_SIGNAL / [tp 3988.71400]
1461525498,GOLD_PRO_SIGNAL,XAUUSDm,BUY,2026-07-01 13:30:50,2026-07-01 13:37:54,0.18,0.18,3988.791,3993.791,90.0,0.0,0.0,88012,GOLD_PRO_SIGNAL / [tp 3993.79100]
1461544241,GOLD_PRO_SIGNAL,XAUUSDm,BUY,2026-07-01 13:33:51,2026-07-01 13:43:34,0.18,0.18,3991.835,3987.129,-84.71,0.0,0.0,88012,GOLD_PRO_SIGNAL / [sl 3987.12900]
1461557654,GOLD_PRO_SIGNAL,XAUUSDm,BUY,2026-07-01 13:36:53,2026-07-01 13:55:01,0.18,0.18,3989.696,3994.745,90.88,0.0,0.0,88012,GOLD_PRO_SIGNAL / [tp 3994.74500]
1461567355,GOLD_PRO_SIGNAL,XAUUSDm,BUY,2026-07-01 13:38:09,2026-07-01 13:41:18,0.18,0.18,3993.314,3988.314,-90.0,0.0,0.0,88012,GOLD_PRO_SIGNAL / [sl 3988.31400]
1461583683,GOLD_PRO_SIGNAL,XAUUSDm,BUY,2026-07-01 13:41:25,2026-07-01 13:51:33,0.18,0.18,3988.469,3993.469,90.0,0.0,0.0,88012,GOLD_PRO_SIGNAL / [tp 3993.46900]
1461593771,GOLD_PRO_SIGNAL,XAUUSDm,BUY,2026-07-01 13:43:40,2026-07-01 13:50:44,0.17,0.17,3987.543,3992.543,85.0,0.0,0.0,88012,GOLD_PRO_SIGNAL / [tp 3992.54300]
1461632171,GOLD_PRO_SIGNAL,XAUUSDm,BUY,2026-07-01 13:50:56,2026-07-01 13:57:30,0.18,0.18,3992.827,3997.829,90.03,0.0,0.0,88012,GOLD_PRO_SIGNAL / [tp 3997.82900]
1461637176,GOLD_PRO_SIGNAL,XAUUSDm,BUY,2026-07-01 13:51:41,2026-07-01 13:57:39,0.18,0.18,3993.776,3998.776,90.0,0.0,0.0,88012,GOLD_PRO_SIGNAL / [tp 3998.77600]
1461654113,GOLD_PRO_SIGNAL,XAUUSDm,BUY,2026-07-01 13:55:12,2026-07-01 14:00:11,0.18,0.18,3994.614,3999.614,90.0,0.0,0.0,88012,GOLD_PRO_SIGNAL / [tp 3999.61400]
1462302216,GOLD_PRO_SIGNAL,XAUUSDm,BUY,2026-07-01 15:14:00,2026-07-01 15:20:04,0.14,0.14,4022.332,4028.752,89.88,0.0,0.0,88012,GOLD_PRO_SIGNAL / [tp 4028.75200]
1463982280,GOLD_PRO_SIGNAL,XAUUSDm,SELL,2026-07-01 18:36:58,2026-07-01 18:50:07,0.11,0.11,4078.201,4086.361,-89.76,0.0,0.0,88012,GOLD_PRO_SIGNAL / [sl 4086.36100]
1463995047,GOLD_PRO_SIGNAL,XAUUSDm,SELL,2026-07-01 18:39:59,2026-07-01 19:06:36,0.11,0.11,4080.4,4088.51,-89.21,0.0,0.0,88012,GOLD_PRO_SIGNAL / [sl 4088.51000]
1464011590,GOLD_PRO_SIGNAL,XAUUSDm,SELL,2026-07-01 18:43:00,2026-07-01 19:43:58,0.11,0.11,4081.387,4073.277,89.21,0.0,0.0,88012,GOLD_PRO_SIGNAL / [tp 4073.27700]
1464273339,GOLD_PRO_SIGNAL,XAUUSDm,SELL,2026-07-01 19:38:09,2026-07-01 19:43:24,0.18,0.18,4079.793,4074.793,90.0,0.0,0.0,88012,GOLD_PRO_SIGNAL / [tp 4074.79300]
1465349720,GOLD_PRO_SIGNAL,XAUUSDm,SELL,2026-07-02 01:32:48,2026-07-02 01:46:57,0.19,0.19,4037.809,4042.809,-95.0,0.0,0.0,88012,GOLD_PRO_SIGNAL / [sl 4042.80900]
1465354161,GOLD_PRO_SIGNAL,XAUUSDm,SELL,2026-07-02 01:35:53,2026-07-02 01:47:31,0.19,0.19,4038.552,4043.552,-95.0,0.0,0.0,88012,GOLD_PRO_SIGNAL / [sl 4043.55200]
1465355820,GOLD_PRO_SIGNAL,XAUUSDm,BUY,2026-07-02 01:36:10,2026-07-02 01:51:38,0.19,0.19,4039.882,4043.625,71.12,0.0,0.0,"0,88012",#1465355820 by #1465377111 / GOLD_PRO_SIGNAL
1465375806,GOLD_PRO_SIGNAL,XAUUSDm,BUY,2026-07-02 01:47:11,2026-07-02 01:51:38,0.19,0.19,4042.773,4043.428,12.44,0.0,0.0,"0,88012",GOLD_PRO_SIGNAL
1465377111,GOLD_PRO_SIGNAL,XAUUSDm,SELL,2026-07-02 01:47:41,2026-07-02 01:51:38,0.19,0.19,4043.625,4039.882,0.0,0.0,0.0,"0,88012",#1465355820 by #1465377111 / GOLD_PRO_SIGNAL
1465387634,GOLD_PRO_SIGNAL,XAUUSDm,BUY,2026-07-02 01:51:43,2026-07-02 02:13:41,0.19,0.19,4043.862,4038.862,-95.0,0.0,0.0,88012,GOLD_PRO_SIGNAL / [sl 4038.86200]
1465388441,GOLD_PRO_SIGNAL,XAUUSDm,SELL,2026-07-02 01:51:58,2026-07-02 02:13:45,0.19,0.19,4043.322,4038.322,95.0,0.0,0.0,88012,GOLD_PRO_SIGNAL / [tp 4038.32200]
1465393859,GOLD_PRO_SIGNAL,XAUUSDm,BUY,2026-07-02 01:54:45,2026-07-02 02:14:37,0.19,0.19,4042.971,4037.971,-95.0,0.0,0.0,88012,GOLD_PRO_SIGNAL / [sl 4037.97100]
1465429927,GOLD_PRO_SIGNAL,XAUUSDm,SELL,2026-07-02 02:13:48,2026-07-02 02:30:13,0.18,0.18,4038.48,4038.48,0.0,0.0,0.0,88012,GOLD_PRO_SIGNAL / [sl 4038.480]
1465437618,GOLD_PRO_SIGNAL,XAUUSDm,SELL,2026-07-02 02:16:50,2026-07-02 03:00:57,0.18,0.18,4037.337,4032.337,90.0,0.0,0.0,88012,GOLD_PRO_SIGNAL / [tp 4032.33700]
1465443724,GOLD_PRO_SIGNAL,XAUUSDm,SELL,2026-07-02 02:19:52,2026-07-02 02:31:02,0.18,0.18,4038.934,4038.934,0.0,0.0,0.0,88012,GOLD_PRO_SIGNAL / [sl 4038.93400]
1465463160,GOLD_PRO_SIGNAL,XAUUSDm,SELL,2026-07-02 02:30:24,2026-07-02 03:00:55,0.18,0.18,4037.73,4032.73,90.0,0.0,0.0,88012,GOLD_PRO_SIGNAL / [tp 4032.73000]
1465465751,GOLD_PRO_SIGNAL,XAUUSDm,SELL,2026-07-02 02:31:09,2026-07-02 02:40:22,0.18,0.18,4039.738,4034.738,90.0,0.0,0.0,88012,GOLD_PRO_SIGNAL / [tp 4034.73800]
1465481393,GOLD_PRO_SIGNAL,XAUUSDm,SELL,2026-07-02 02:40:26,2026-07-02 03:06:20,0.19,0.19,4035.613,4040.613,-95.0,0.0,0.0,88012,GOLD_PRO_SIGNAL / [sl 4040.61300]
1465520930,GOLD_PRO_SIGNAL,XAUUSDm,SELL,2026-07-02 03:01:08,2026-07-02 03:06:05,0.19,0.19,4033.147,4038.147,-95.0,0.0,0.0,88012,GOLD_PRO_SIGNAL / [sl 4038.14700]
1465521713,GOLD_PRO_SIGNAL,XAUUSDm,SELL,2026-07-02 03:01:23,2026-07-02 03:06:05,0.19,0.19,4033.675,4038.675,-95.0,0.0,0.0,88012,GOLD_PRO_SIGNAL / [sl 4038.67500]
1465538671,GOLD_PRO_SIGNAL,XAUUSDm,SELL,2026-07-02 03:06:10,2026-07-02 03:12:25,0.18,0.18,4039.16,4044.16,-90.0,0.0,0.0,88012,GOLD_PRO_SIGNAL / [sl 4044.16000]
1465539902,GOLD_PRO_SIGNAL,XAUUSDm,SELL,2026-07-02 03:06:25,2026-07-02 03:12:21,0.18,0.18,4038.43,4043.43,-90.0,0.0,0.0,88012,GOLD_PRO_SIGNAL / [sl 4043.43000]
1465546693,GOLD_PRO_SIGNAL,XAUUSDm,SELL,2026-07-02 03:09:11,2026-07-02 03:12:26,0.18,0.18,4039.559,4044.559,-90.0,0.0,0.0,88012,GOLD_PRO_SIGNAL / [sl 4044.559]
1465559212,GOLD_PRO_SIGNAL,XAUUSDm,SELL,2026-07-02 03:12:27,2026-07-02 03:25:29,0.18,0.18,4043.693,4048.693,-90.0,0.0,0.0,88012,GOLD_PRO_SIGNAL / [sl 4048.69300]
1465561845,GOLD_PRO_SIGNAL,XAUUSDm,SELL,2026-07-02 03:12:42,2026-07-02 03:42:49,0.18,0.18,4044.78,4039.78,90.0,0.0,0.0,88012,GOLD_PRO_SIGNAL / [tp 4039.78000]
1465562865,GOLD_PRO_SIGNAL,XAUUSDm,SELL,2026-07-02 03:12:57,2026-07-02 03:25:29,0.18,0.18,4043.846,4048.846,-90.0,0.0,0.0,88012,GOLD_PRO_SIGNAL / [sl 4048.84600]
1465650609,GOLD_PRO_SIGNAL,XAUUSDm,BUY,2026-07-02 03:49:03,2026-07-02 03:49:49,0.18,0.18,4045.668,4050.668,90.0,0.0,0.0,88012,GOLD_PRO_SIGNAL / [tp 4050.66800]
1465664161,GOLD_PRO_SIGNAL,XAUUSDm,BUY,2026-07-02 03:52:04,2026-07-02 04:00:13,0.18,0.18,4051.179,4056.179,90.0,0.0,0.0,88012,GOLD_PRO_SIGNAL / [tp 4056.17900]
1465671103,GOLD_PRO_SIGNAL,XAUUSDm,SELL,2026-07-02 03:55:06,2026-07-02 04:00:13,0.18,0.18,4051.011,4056.011,-90.0,0.0,0.0,88012,GOLD_PRO_SIGNAL / [sl 4056.01100]
1465671521,GOLD_PRO_SIGNAL,XAUUSDm,SELL,2026-07-02 03:55:21,2026-07-02 04:00:04,0.18,0.18,4049.806,4054.806,-90.0,0.0,0.0,88012,GOLD_PRO_SIGNAL / [sl 4054.80600]
1465681918,GOLD_PRO_SIGNAL,XAUUSDm,BUY,2026-07-02 04:00:08,2026-07-02 04:00:47,0.17,0.17,4054.133,4059.301,87.86,0.0,0.0,88012,GOLD_PRO_SIGNAL / [tp 4059.30100]
1465708340,GOLD_PRO_SIGNAL,XAUUSDm,BUY,2026-07-02 04:03:10,2026-07-02 04:08:07,0.17,0.17,4066.225,4060.94,-89.85,0.0,0.0,88012,GOLD_PRO_SIGNAL / [sl 4060.94000]
1465718654,GOLD_PRO_SIGNAL,XAUUSDm,BUY,2026-07-02 04:06:12,2026-07-02 04:11:29,0.17,0.17,4062.691,4067.901,88.57,0.0,0.0,88012,GOLD_PRO_SIGNAL / [tp 4067.90100]
1465719245,GOLD_PRO_SIGNAL,XAUUSDm,BUY,2026-07-02 04:06:27,2026-07-02 04:11:29,0.17,0.17,4062.421,4067.631,88.57,0.0,0.0,88012,GOLD_PRO_SIGNAL / [tp 4067.63100]
1465725043,GOLD_PRO_SIGNAL,XAUUSDm,BUY,2026-07-02 04:08:27,2026-07-02 04:10:34,0.17,0.17,4062.101,4067.309,88.53,0.0,0.0,88012,GOLD_PRO_SIGNAL / [tp 4067.30900]
1465732884,GOLD_PRO_SIGNAL,XAUUSDm,BUY,2026-07-02 04:10:43,2026-07-02 04:15:40,0.17,0.17,4067.312,4062.102,-88.57,0.0,0.0,88012,GOLD_PRO_SIGNAL / [sl 4062.102]
1465735876,GOLD_PRO_SIGNAL,XAUUSDm,BUY,2026-07-02 04:11:43,2026-07-02 04:15:40,0.17,0.17,4067.503,4062.293,-88.57,0.0,0.0,88012,GOLD_PRO_SIGNAL / [sl 4062.29300]
1465736636,GOLD_PRO_SIGNAL,XAUUSDm,BUY,2026-07-02 04:11:58,2026-07-02 04:15:45,0.17,0.17,4066.993,4061.783,-88.57,0.0,0.0,88012,GOLD_PRO_SIGNAL / [sl 4061.78300]
1466992538,GOLD_PRO_SIGNAL,XAUUSDm,BUY,2026-07-02 11:00:42,2026-07-02 11:05:22,0.17,0.17,4062.65,4067.78,87.21,0.0,0.0,88012,GOLD_PRO_SIGNAL / [tp 4067.78000]
1467003395,GOLD_PRO_SIGNAL,XAUUSDm,BUY,2026-07-02 11:03:43,2026-07-02 11:09:26,0.17,0.17,4066.506,4071.636,87.21,0.0,0.0,88012,GOLD_PRO_SIGNAL / [tp 4071.63600]
1467018195,GOLD_PRO_SIGNAL,XAUUSDm,SELL,2026-07-02 11:06:46,2026-07-02 11:10:22,0.18,0.18,4068.336,4073.336,-90.0,0.0,0.0,88012,GOLD_PRO_SIGNAL / [sl 4073.33600]
1467018872,GOLD_PRO_SIGNAL,XAUUSDm,SELL,2026-07-02 11:07:01,2026-07-02 11:10:23,0.18,0.18,4068.764,4073.764,-90.0,0.0,0.0,88012,GOLD_PRO_SIGNAL / [sl 4073.76400]
1467031990,GOLD_PRO_SIGNAL,XAUUSDm,SELL,2026-07-02 11:09:46,2026-07-02 11:22:16,0.18,0.18,4071.47,4076.47,-90.0,0.0,0.0,88012,GOLD_PRO_SIGNAL / [sl 4076.47000]
1467036960,GOLD_PRO_SIGNAL,XAUUSDm,SELL,2026-07-02 11:10:31,2026-07-02 11:34:22,0.18,0.18,4073.296,4076.66494,-60.64,0.0,0.0,"0,88012",#1467036960 by #1467084325 / #1467036960 by #1467086289 / GOLD_PRO_SIGNAL
1467044029,GOLD_PRO_SIGNAL,XAUUSDm,SELL,2026-07-02 11:12:48,2026-07-02 11:22:16,0.18,0.18,4071.602,4076.602,-90.0,0.0,0.0,88012,GOLD_PRO_SIGNAL / [sl 4076.60200]
1467084325,GOLD_PRO_SIGNAL,XAUUSDm,BUY,2026-07-02 11:22:21,2026-07-02 11:34:22,0.17,0.17,4076.664,4073.296,0.0,0.0,0.0,"0,88012",#1467036960 by #1467084325 / GOLD_PRO_SIGNAL
1467086289,GOLD_PRO_SIGNAL,XAUUSDm,BUY,2026-07-02 11:22:36,2026-07-02 11:34:22,0.17,0.17,4076.681,4072.96094,-59.86,0.0,0.0,"0,88012",#1467036960 by #1467086289 / GOLD_PRO_SIGNAL
1467142736,GOLD_PRO_SIGNAL,XAUUSDm,BUY,2026-07-02 11:38:28,2026-07-02 11:48:05,0.17,0.17,4073.613,4078.613,85.0,0.0,0.0,88012,GOLD_PRO_SIGNAL / [tp 4078.61300]
1467177784,GOLD_PRO_SIGNAL,XAUUSDm,BUY,2026-07-02 11:48:15,2026-07-02 11:52:06,0.17,0.17,4078.955,4073.955,-85.0,0.0,0.0,88012,GOLD_PRO_SIGNAL / [sl 4073.95500]
1467195985,GOLD_PRO_SIGNAL,XAUUSDm,BUY,2026-07-02 11:52:15,2026-07-02 11:56:43,0.17,0.17,4074.905,4079.905,85.0,0.0,0.0,88012,GOLD_PRO_SIGNAL / [tp 4079.90500]
1467271863,GOLD_PRO_SIGNAL,XAUUSDm,BUY,2026-07-02 12:14:36,2026-07-02 12:25:10,0.17,0.17,4072.167,4067.167,-85.0,0.0,0.0,88012,GOLD_PRO_SIGNAL / [sl 4067.16700]
1467317845,GOLD_PRO_SIGNAL,XAUUSDm,BUY,2026-07-02 12:25:22,2026-07-02 12:42:49,0.17,0.17,4066.979,4071.979,85.0,0.0,0.0,88012,GOLD_PRO_SIGNAL / [tp 4071.97900]
1467959778,GOLD_PRO_SIGNAL,XAUUSDm,BUY,2026-07-02 15:02:11,2026-07-02 15:06:29,0.17,0.17,4065.139,4070.495,91.06,0.0,0.0,88012,GOLD_PRO_SIGNAL / [tp 4070.49500]
1467980267,GOLD_PRO_SIGNAL,XAUUSDm,BUY,2026-07-02 15:06:42,2026-07-02 15:11:19,0.17,0.17,4072.43,4067.43,-85.0,0.0,0.0,88012,GOLD_PRO_SIGNAL / [sl 4067.43000]
1468892899,GOLD_PRO_SIGNAL,XAUUSDm,BUY,2026-07-02 16:18:08,2026-07-02 16:35:29,0.07,0.07,4119.911,4131.985,84.52,0.0,0.0,88012,GOLD_PRO_SIGNAL / [tp 4131.98500]
1469060113,GOLD_PRO_SIGNAL,XAUUSDm,BUY,2026-07-02 16:35:38,2026-07-02 17:21:27,0.07,0.07,4133.835,4121.835,-84.0,0.0,0.0,88012,GOLD_PRO_SIGNAL / [sl 4121.83500]
1469693331,GOLD_PRO_SIGNAL,XAUUSDm,BUY,2026-07-02 18:06:58,2026-07-02 18:07:33,0.11,0.11,4123.21,4115.45,-85.36,0.0,0.0,88012,GOLD_PRO_SIGNAL / [sl 4115.450]
1469719553,GOLD_PRO_SIGNAL,XAUUSDm,BUY,2026-07-02 18:10:14,2026-07-02 18:12:12,0.11,0.11,4121.642,4129.402,85.36,0.0,0.0,88012,GOLD_PRO_SIGNAL / [tp 4129.40200]
1469739840,GOLD_PRO_SIGNAL,XAUUSDm,BUY,2026-07-02 18:13:15,2026-07-02 18:17:34,0.11,0.11,4130.339,4122.579,-85.36,0.0,0.0,88012,GOLD_PRO_SIGNAL / [sl 4122.579]
1469762229,GOLD_PRO_SIGNAL,XAUUSDm,BUY,2026-07-02 18:18:01,2026-07-02 18:24:21,0.11,0.11,4121.623,4129.383,85.36,0.0,0.0,88012,GOLD_PRO_SIGNAL / [tp 4129.38300]
1469859342,GOLD_PRO_SIGNAL,XAUUSDm,BUY,2026-07-02 18:37:04,2026-07-02 19:09:31,0.11,0.11,4130.054,4122.484,-83.27,0.0,0.0,88012,GOLD_PRO_SIGNAL / [sl 4122.48400]
1469993108,GOLD_PRO_SIGNAL,XAUUSDm,BUY,2026-07-02 19:09:38,2026-07-02 19:27:49,0.13,0.13,4122.33,4115.81,-84.76,0.0,0.0,88012,GOLD_PRO_SIGNAL / [sl 4115.81000]
1470385004,GOLD_PRO_SIGNAL,XAUUSDm,BUY,2026-07-02 20:25:28,2026-07-02 20:38:24,0.14,0.14,4114.481,4108.551,-83.02,0.0,0.0,88012,GOLD_PRO_SIGNAL / [sl 4108.55100]
1470623217,GOLD_PRO_SIGNAL,XAUUSDm,BUY,2026-07-02 21:14:50,2026-07-02 21:30:28,0.17,0.17,4119.341,4124.341,85.0,0.0,0.0,88012,GOLD_PRO_SIGNAL / [tp 4124.34100]
1470689578,GOLD_PRO_SIGNAL,XAUUSDm,BUY,2026-07-02 21:30:38,2026-07-02 22:04:27,0.17,0.17,4124.384,4119.28,-86.77,0.0,0.0,88012,GOLD_PRO_SIGNAL / [sl 4119.28000]
1470817648,GOLD_PRO_SIGNAL,XAUUSDm,BUY,2026-07-02 22:10:44,2026-07-02 22:20:53,0.17,0.17,4116.26,4111.26,-85.0,0.0,0.0,88012,GOLD_PRO_SIGNAL / [sl 4111.26000]
1471011021,GOLD_PRO_SIGNAL,XAUUSDm,BUY,2026-07-02 23:06:32,2026-07-03 01:09:18,0.17,0.17,4122.168,4127.168,85.0,0.0,0.0,88012,GOLD_PRO_SIGNAL / [tp 4127.16800]
1471493109,GOLD_PRO_SIGNAL,XAUUSDm,BUY,2026-07-03 03:39:05,2026-07-03 03:51:07,0.12,0.12,4137.62,4144.167,78.56,0.0,0.0,88012,GOLD_PRO_SIGNAL / [tp 4144.16700]
1471804738,GOLD_PRO_SIGNAL,XAUUSDm,BUY,2026-07-03 04:48:57,2026-07-03 08:48:10,0.09,0.09,4181.372,4171.822,-85.95,0.0,0.0,88012,GOLD_PRO_SIGNAL / [sl 4171.82200]
1472621996,GOLD_PRO_SIGNAL,XAUUSDm,BUY,2026-07-03 09:48:52,2026-07-03 10:06:58,0.17,0.17,4172.57,4177.544,84.56,0.0,0.0,88012,GOLD_PRO_SIGNAL / [tp 4177.54400]
1472704876,GOLD_PRO_SIGNAL,XAUUSDm,BUY,2026-07-03 10:09:47,2026-07-03 10:12:55,0.17,0.17,4179.98,4174.932,-85.82,0.0,0.0,88012,GOLD_PRO_SIGNAL / [sl 4174.93200]
1472807905,GOLD_PRO_SIGNAL,XAUUSDm,BUY,2026-07-03 10:37:24,2026-07-03 11:02:22,0.17,0.17,4177.508,4182.478,84.49,0.0,0.0,88012,GOLD_PRO_SIGNAL / [tp 4182.47800]
1472909522,GOLD_PRO_SIGNAL,XAUUSDm,BUY,2026-07-03 11:03:13,2026-07-03 11:47:57,0.17,0.17,4184.188,4179.137,-85.87,0.0,0.0,88012,GOLD_PRO_SIGNAL / [sl 4179.13700]
1473172588,GOLD_PRO_SIGNAL,XAUUSDm,SELL,2026-07-03 12:20:18,2026-07-03 12:23:36,0.05,0.05,4176.079,4175.789,1.45,0.0,0.0,88012,GOLD_PRO_SIGNAL / [tp 4175.78900]
1473189971,GOLD_PRO_SIGNAL,XAUUSDm,SELL,2026-07-03 12:25:34,2026-07-03 12:26:45,0.05,0.05,4173.265,4172.975,1.45,0.0,0.0,88012,GOLD_PRO_SIGNAL / [tp 4172.97500]
1473201709,GOLD_PRO_SIGNAL,XAUUSDm,SELL,2026-07-03 12:28:05,2026-07-03 12:29:01,0.05,0.05,4173.663,4173.373,1.45,0.0,0.0,88012,GOLD_PRO_SIGNAL / [tp 4173.37300]
1473219047,GOLD_PRO_SIGNAL,XAUUSDm,SELL,2026-07-03 12:32:23,2026-07-03 12:33:23,0.05,0.05,4172.084,4171.828,1.28,0.0,0.0,88012,GOLD_PRO_SIGNAL / [tp 4171.82800]
1473219854,GOLD_PRO_SIGNAL,XAUUSDm,SELL,2026-07-03 12:32:38,2026-07-03 12:33:14,0.05,0.05,4172.444,4172.198,1.23,0.0,0.0,88012,GOLD_PRO_SIGNAL / [tp 4172.19800]
1473222066,GOLD_PRO_SIGNAL,XAUUSDm,SELL,2026-07-03 12:33:24,2026-07-03 12:33:31,0.05,0.05,4171.587,4171.297,1.45,0.0,0.0,88012,GOLD_PRO_SIGNAL / [tp 4171.29700]
1473226303,GOLD_PRO_SIGNAL,XAUUSDm,SELL,2026-07-03 12:33:54,2026-07-03 12:38:06,0.05,0.05,4168.933,4168.795,0.69,0.0,0.0,88012,GOLD_PRO_SIGNAL / [tp 4168.79500]
1473229946,GOLD_PRO_SIGNAL,XAUUSDm,SELL,2026-07-03 12:34:25,2026-07-03 12:35:53,0.05,0.05,4169.817,4169.527,1.45,0.0,0.0,88012,GOLD_PRO_SIGNAL / [tp 4169.52700]
1473247355,GOLD_PRO_SIGNAL,XAUUSDm,SELL,2026-07-03 12:38:56,2026-07-03 12:39:08,0.05,0.05,4170.748,4170.458,1.45,0.0,0.0,88012,GOLD_PRO_SIGNAL / [tp 4170.45800]
1473248405,GOLD_PRO_SIGNAL,XAUUSDm,SELL,2026-07-03 12:39:12,2026-07-03 12:54:51,0.05,0.05,4169.819,4174.819,-25.0,0.0,0.0,88012,GOLD_PRO_SIGNAL / [sl 4174.81900]
1473249834,GOLD_PRO_SIGNAL,XAUUSDm,SELL,2026-07-03 12:39:42,2026-07-03 12:40:43,0.05,0.05,4171.406,4171.116,1.45,0.0,0.0,88012,GOLD_PRO_SIGNAL / [tp 4171.11600]
1473255419,GOLD_PRO_SIGNAL,XAUUSDm,SELL,2026-07-03 12:40:58,2026-07-03 12:41:04,0.05,0.05,4170.915,4170.625,1.45,0.0,0.0,88012,GOLD_PRO_SIGNAL / [tp 4170.62500]
1473256630,GOLD_PRO_SIGNAL,XAUUSDm,SELL,2026-07-03 12:41:13,2026-07-03 12:41:44,0.05,0.05,4170.71,4170.831,-0.61,0.0,0.0,88012,GOLD_PRO_SIGNAL / [sl 4170.710]
1473259121,GOLD_PRO_SIGNAL,XAUUSDm,SELL,2026-07-03 12:41:59,2026-07-03 12:43:14,0.05,0.05,4170.539,4170.249,1.45,0.0,0.0,88012,GOLD_PRO_SIGNAL / [tp 4170.24900]
1473262522,GOLD_PRO_SIGNAL,XAUUSDm,SELL,2026-07-03 12:43:29,2026-07-03 13:02:00,0.05,0.05,4171.03,4176.03,-25.0,0.0,0.0,88012,GOLD_PRO_SIGNAL / [sl 4176.03000]
1473360517,GOLD_PRO_SIGNAL,XAUUSDm,BUY,2026-07-03 13:10:03,2026-07-03 13:10:30,0.05,0.05,4178.001,4178.291,1.45,0.0,0.0,88012,GOLD_PRO_SIGNAL / [tp 4178.29100]
1473361417,GOLD_PRO_SIGNAL,XAUUSDm,BUY,2026-07-03 13:10:19,2026-07-03 13:10:52,0.05,0.05,4178.139,4178.429,1.45,0.0,0.0,88012,GOLD_PRO_SIGNAL / [tp 4178.42900]
1473362358,GOLD_PRO_SIGNAL,XAUUSDm,BUY,2026-07-03 13:10:34,2026-07-03 13:10:56,0.05,0.05,4178.297,4178.587,1.45,0.0,0.0,88012,GOLD_PRO_SIGNAL / [tp 4178.58700]
1473364069,GOLD_PRO_SIGNAL,XAUUSDm,BUY,2026-07-03 13:11:05,2026-07-03 13:12:57,0.05,0.05,4179.419,4179.709,1.45,0.0,0.0,88012,GOLD_PRO_SIGNAL / [tp 4179.70900]
1473364651,GOLD_PRO_SIGNAL,XAUUSDm,BUY,2026-07-03 13:11:20,2026-07-03 13:11:45,0.05,0.05,4178.721,4179.005,1.42,0.0,0.0,88012,GOLD_PRO_SIGNAL / [tp 4179.00500]
1473365635,GOLD_PRO_SIGNAL,XAUUSDm,BUY,2026-07-03 13:11:50,2026-07-03 13:11:53,0.05,0.05,4179.259,4179.549,1.45,0.0,0.0,88012,GOLD_PRO_SIGNAL / [tp 4179.54900]
1473367146,GOLD_PRO_SIGNAL,XAUUSDm,BUY,2026-07-03 13:12:21,2026-07-03 13:12:56,0.05,0.05,4179.301,4179.591,1.45,0.0,0.0,88012,GOLD_PRO_SIGNAL / [tp 4179.59100]
1473369394,GOLD_PRO_SIGNAL,XAUUSDm,BUY,2026-07-03 13:13:07,2026-07-03 13:13:30,0.05,0.05,4180.223,4180.513,1.45,0.0,0.0,88012,GOLD_PRO_SIGNAL / [tp 4180.51300]
1473370971,GOLD_PRO_SIGNAL,XAUUSDm,BUY,2026-07-03 13:13:22,2026-07-03 13:22:11,0.05,0.05,4180.551,4180.896,1.72,0.0,0.0,88012,GOLD_PRO_SIGNAL / [tp 4180.89600]
1473372114,GOLD_PRO_SIGNAL,XAUUSDm,BUY,2026-07-03 13:13:37,2026-07-03 13:22:25,0.05,0.05,4180.728,4181.018,1.45,0.0,0.0,88012,GOLD_PRO_SIGNAL / [tp 4181.01800]
1473398699,GOLD_PRO_SIGNAL,XAUUSDm,BUY,2026-07-03 13:22:23,2026-07-03 13:25:39,0.05,0.05,4180.982,4180.833,-0.74,0.0,0.0,88012,GOLD_PRO_SIGNAL / [sl 4180.98200]
1473400801,GOLD_PRO_SIGNAL,XAUUSDm,BUY,2026-07-03 13:22:54,2026-07-03 13:25:39,0.05,0.05,4180.94,4180.833,-0.53,0.0,0.0,88012,GOLD_PRO_SIGNAL / [sl 4180.940]
1473410547,GOLD_PRO_SIGNAL,XAUUSDm,BUY,2026-07-03 13:26:10,2026-07-03 13:27:21,0.05,0.05,4180.834,4181.124,1.45,0.0,0.0,88012,GOLD_PRO_SIGNAL / [tp 4181.12400]
1473411440,GOLD_PRO_SIGNAL,XAUUSDm,BUY,2026-07-03 13:26:25,2026-07-03 13:27:20,0.05,0.05,4180.785,4181.075,1.45,0.0,0.0,88012,GOLD_PRO_SIGNAL / [tp 4181.07500]
1473413814,GOLD_PRO_SIGNAL,XAUUSDm,BUY,2026-07-03 13:27:26,2026-07-03 13:35:06,0.05,0.05,4181.111,4176.326,-23.93,0.0,0.0,88012,GOLD_PRO_SIGNAL / [sl 4176.32600]
1473415169,GOLD_PRO_SIGNAL,XAUUSDm,BUY,2026-07-03 13:27:56,2026-07-03 13:36:26,0.05,0.05,4180.9,4175.9,-25.0,0.0,0.0,88012,GOLD_PRO_SIGNAL / [sl 4175.90000]
1473522427,GOLD_PRO_SIGNAL,XAUUSDm,BUY,2026-07-03 13:59:18,2026-07-03 14:03:15,0.05,0.05,4177.63,4177.92,1.45,0.0,0.0,88012,GOLD_PRO_SIGNAL / [tp 4177.92000]
1473522946,GOLD_PRO_SIGNAL,XAUUSDm,BUY,2026-07-03 13:59:33,2026-07-03 14:03:15,0.05,0.05,4177.609,4177.899,1.45,0.0,0.0,88012,GOLD_PRO_SIGNAL / [tp 4177.89900]
1473534636,GOLD_PRO_SIGNAL,XAUUSDm,BUY,2026-07-03 14:03:19,2026-07-03 14:04:46,0.05,0.05,4177.874,4178.164,1.45,0.0,0.0,88012,GOLD_PRO_SIGNAL / [tp 4178.16400]
1473535334,GOLD_PRO_SIGNAL,XAUUSDm,BUY,2026-07-03 14:03:34,2026-07-03 14:03:46,0.05,0.05,4177.574,4177.864,1.45,0.0,0.0,88012,GOLD_PRO_SIGNAL / [tp 4177.86400]
1473535760,GOLD_PRO_SIGNAL,XAUUSDm,BUY,2026-07-03 14:03:50,2026-07-03 14:04:45,0.05,0.05,4177.807,4178.097,1.45,0.0,0.0,88012,GOLD_PRO_SIGNAL / [tp 4178.09700]
1473539111,GOLD_PRO_SIGNAL,XAUUSDm,BUY,2026-07-03 14:04:50,2026-07-03 14:05:06,0.05,0.05,4178.964,4178.816,-0.74,0.0,0.0,88012,GOLD_PRO_SIGNAL / [sl 4178.964]
1473542864,GOLD_PRO_SIGNAL,XAUUSDm,BUY,2026-07-03 14:05:21,2026-07-03 14:05:22,0.05,0.05,4179.192,4179.482,1.45,0.0,0.0,88012,GOLD_PRO_SIGNAL / [tp 4179.48200]
1473544294,GOLD_PRO_SIGNAL,XAUUSDm,BUY,2026-07-03 14:05:36,2026-07-03 14:09:43,0.05,0.05,4179.272,4179.562,1.45,0.0,0.0,88012,GOLD_PRO_SIGNAL / [tp 4179.56200]
1473545291,GOLD_PRO_SIGNAL,XAUUSDm,BUY,2026-07-03 14:05:52,2026-07-03 14:09:43,0.05,0.05,4179.387,4179.677,1.45,0.0,0.0,88012,GOLD_PRO_SIGNAL / [tp 4179.67700]
1473558083,GOLD_PRO_SIGNAL,XAUUSDm,BUY,2026-07-03 14:09:52,2026-07-03 14:10:08,0.05,0.05,4179.482,4179.317,-0.82,0.0,0.0,88012,GOLD_PRO_SIGNAL / [sl 4179.482]
1473559651,GOLD_PRO_SIGNAL,XAUUSDm,BUY,2026-07-03 14:10:23,2026-07-03 14:11:24,0.05,0.05,4179.624,4179.914,1.45,0.0,0.0,88012,GOLD_PRO_SIGNAL / [tp 4179.91400]
1473563881,GOLD_PRO_SIGNAL,XAUUSDm,BUY,2026-07-03 14:11:40,2026-07-03 14:12:01,0.05,0.05,4179.872,4180.162,1.45,0.0,0.0,88012,GOLD_PRO_SIGNAL / [tp 4180.16200]
1473564622,GOLD_PRO_SIGNAL,XAUUSDm,BUY,2026-07-03 14:11:55,2026-07-03 14:12:26,0.05,0.05,4180.12,4180.41,1.45,0.0,0.0,88012,GOLD_PRO_SIGNAL / [tp 4180.41000]
1473565736,GOLD_PRO_SIGNAL,XAUUSDm,BUY,2026-07-03 14:12:10,2026-07-03 14:12:26,0.05,0.05,4180.101,4180.391,1.45,0.0,0.0,88012,GOLD_PRO_SIGNAL / [tp 4180.39100]
1473567912,GOLD_PRO_SIGNAL,XAUUSDm,BUY,2026-07-03 14:12:41,2026-07-03 14:12:44,0.05,0.05,4180.404,4180.69,1.43,0.0,0.0,88012,GOLD_PRO_SIGNAL / [tp 4180.69000]
1473569592,GOLD_PRO_SIGNAL,XAUUSDm,BUY,2026-07-03 14:12:56,2026-07-03 14:13:09,0.05,0.05,4181.334,4181.624,1.45,0.0,0.0,88012,GOLD_PRO_SIGNAL / [tp 4181.62400]
1473571285,GOLD_PRO_SIGNAL,XAUUSDm,BUY,2026-07-03 14:13:11,2026-07-03 14:13:55,0.05,0.05,4181.56,4181.85,1.45,0.0,0.0,88012,GOLD_PRO_SIGNAL / [tp 4181.85000]
1473572204,GOLD_PRO_SIGNAL,XAUUSDm,BUY,2026-07-03 14:13:27,2026-07-03 14:13:55,0.05,0.05,4181.512,4181.802,1.45,0.0,0.0,88012,GOLD_PRO_SIGNAL / [tp 4181.80200]
1473575724,GOLD_PRO_SIGNAL,XAUUSDm,BUY,2026-07-03 14:13:57,2026-07-03 14:14:00,0.05,0.05,4181.688,4181.926,1.19,0.0,0.0,88012,GOLD_PRO_SIGNAL / [tp 4181.92600]
1473582262,GOLD_PRO_SIGNAL,XAUUSDm,BUY,2026-07-03 14:14:28,2026-07-03 14:15:05,0.05,0.05,4183.297,4183.587,1.45,0.0,0.0,88012,GOLD_PRO_SIGNAL / [tp 4183.58700]
1473583187,GOLD_PRO_SIGNAL,XAUUSDm,BUY,2026-07-03 14:14:43,2026-07-03 14:15:06,0.05,0.05,4183.452,4183.747,1.48,0.0,0.0,88012,GOLD_PRO_SIGNAL / [tp 4183.74700]
1473586519,GOLD_PRO_SIGNAL,XAUUSDm,BUY,2026-07-03 14:15:14,2026-07-03 14:17:14,0.05,0.05,4184.778,4185.068,1.45,0.0,0.0,88012,GOLD_PRO_SIGNAL / [tp 4185.06800]
1473588213,GOLD_PRO_SIGNAL,XAUUSDm,BUY,2026-07-03 14:15:29,2026-07-03 14:15:38,0.05,0.05,4183.988,4184.278,1.45,0.0,0.0,88012,GOLD_PRO_SIGNAL / [tp 4184.27800]
1473589388,GOLD_PRO_SIGNAL,XAUUSDm,BUY,2026-07-03 14:15:44,2026-07-03 14:16:57,0.05,0.05,4184.566,4184.856,1.45,0.0,0.0,88012,GOLD_PRO_SIGNAL / [tp 4184.85600]
1473646231,GOLD_PRO_SIGNAL,XAUUSDm,BUY,2026-07-03 14:29:03,2026-07-03 14:32:34,0.05,0.05,4184.115,4184.179,0.32,0.0,0.0,88012,GOLD_PRO_SIGNAL / [tp 4184.17900]
1473646797,GOLD_PRO_SIGNAL,XAUUSDm,BUY,2026-07-03 14:29:18,2026-07-03 14:32:21,0.05,0.05,4183.719,4184.009,1.45,0.0,0.0,88012,GOLD_PRO_SIGNAL / [tp 4184.00900]
1473658648,GOLD_PRO_SIGNAL,XAUUSDm,BUY,2026-07-03 14:32:34,2026-07-03 14:32:45,0.05,0.05,4184.243,4184.533,1.45,0.0,0.0,88012,GOLD_PRO_SIGNAL / [tp 4184.53300]
1473660325,GOLD_PRO_SIGNAL,XAUUSDm,BUY,2026-07-03 14:32:49,2026-07-03 14:33:20,0.05,0.05,4184.933,4184.901,-0.16,0.0,0.0,88012,GOLD_PRO_SIGNAL / [sl 4184.93300]
1473662077,GOLD_PRO_SIGNAL,XAUUSDm,BUY,2026-07-03 14:33:04,2026-07-03 14:33:20,0.05,0.05,4184.986,4184.901,-0.42,0.0,0.0,88012,GOLD_PRO_SIGNAL / [sl 4184.986]
1473664694,GOLD_PRO_SIGNAL,XAUUSDm,BUY,2026-07-03 14:33:35,2026-07-03 14:36:11,0.05,0.05,4184.896,4185.13,1.17,0.0,0.0,88012,GOLD_PRO_SIGNAL / [tp 4185.13000]
1473665497,GOLD_PRO_SIGNAL,XAUUSDm,BUY,2026-07-03 14:33:50,2026-07-03 14:36:11,0.05,0.05,4184.681,4184.971,1.45,0.0,0.0,88012,GOLD_PRO_SIGNAL / [tp 4184.97100]
1473721991,GOLD_PRO_SIGNAL,XAUUSDm,BUY,2026-07-03 14:51:24,2026-07-03 14:57:44,0.05,0.05,4183.795,4178.795,-25.0,0.0,0.0,88012,GOLD_PRO_SIGNAL / [sl 4178.79500]
1473723288,GOLD_PRO_SIGNAL,XAUUSDm,BUY,2026-07-03 14:51:39,2026-07-03 14:57:38,0.05,0.05,4183.93,4178.93,-25.0,0.0,0.0,88012,GOLD_PRO_SIGNAL / [sl 4178.93000]
1473753750,GOLD_PRO_SIGNAL,XAUUSDm,SELL,2026-07-03 14:57:40,2026-07-03 14:58:16,0.05,0.05,4179.088,4178.798,1.45,0.0,0.0,88012,GOLD_PRO_SIGNAL / [tp 4178.79800]
1473755271,GOLD_PRO_SIGNAL,XAUUSDm,SELL,2026-07-03 14:57:55,2026-07-03 15:03:57,0.05,0.05,4178.875,4178.585,1.45,0.0,0.0,88012,GOLD_PRO_SIGNAL / [tp 4178.58500]
1473757875,GOLD_PRO_SIGNAL,XAUUSDm,SELL,2026-07-03 14:58:25,2026-07-03 15:04:10,0.05,0.05,4178.77,4178.48,1.45,0.0,0.0,88012,GOLD_PRO_SIGNAL / [tp 4178.48000]
1473787353,GOLD_PRO_SIGNAL,XAUUSDm,SELL,2026-07-03 15:04:11,2026-07-03 15:08:41,0.05,0.05,4178.12,4183.182,-25.31,0.0,0.0,88012,GOLD_PRO_SIGNAL / [sl 4183.18200]
1473789587,GOLD_PRO_SIGNAL,XAUUSDm,SELL,2026-07-03 15:04:27,2026-07-03 15:14:28,0.05,0.05,4178.352,4178.319,0.16,0.0,0.0,88012,GOLD_PRO_SIGNAL / [tp 4178.31900]
1473816443,GOLD_PRO_SIGNAL,XAUUSDm,BUY,2026-07-03 15:08:42,2026-07-03 15:14:15,0.05,0.05,4183.454,4178.454,-25.0,0.0,0.0,88012,GOLD_PRO_SIGNAL / [sl 4178.454]
1473848881,GOLD_PRO_SIGNAL,XAUUSDm,SELL,2026-07-03 15:14:28,2026-07-03 15:14:28,0.05,0.05,4178.445,4178.328,0.59,0.0,0.0,88012,GOLD_PRO_SIGNAL / [tp 4178.32800]
1473851667,GOLD_PRO_SIGNAL,XAUUSDm,SELL,2026-07-03 15:14:58,2026-07-03 15:15:19,0.05,0.05,4178.123,4177.833,1.45,0.0,0.0,88012,GOLD_PRO_SIGNAL / [tp 4177.83300]
1473853121,GOLD_PRO_SIGNAL,XAUUSDm,SELL,2026-07-03 15:15:14,2026-07-03 15:15:19,0.05,0.05,4178.225,4177.935,1.45,0.0,0.0,88012,GOLD_PRO_SIGNAL / [tp 4177.93500]
1473855667,GOLD_PRO_SIGNAL,XAUUSDm,SELL,2026-07-03 15:15:29,2026-07-03 15:15:32,0.05,0.05,4177.058,4177.145,-0.44,0.0,0.0,88012,GOLD_PRO_SIGNAL / [tp 4177.14500]
1473857801,GOLD_PRO_SIGNAL,XAUUSDm,SELL,2026-07-03 15:15:44,2026-07-03 15:15:50,0.05,0.05,4176.753,4176.463,1.45,0.0,0.0,88012,GOLD_PRO_SIGNAL / [tp 4176.46300]
1473861442,GOLD_PRO_SIGNAL,XAUUSDm,SELL,2026-07-03 15:16:00,2026-07-03 15:17:08,0.05,0.05,4175.999,4175.709,1.45,0.0,0.0,88012,GOLD_PRO_SIGNAL / [tp 4175.70900]
1473863886,GOLD_PRO_SIGNAL,XAUUSDm,SELL,2026-07-03 15:16:15,2026-07-03 15:17:08,0.05,0.05,4175.984,4175.694,1.45,0.0,0.0,88012,GOLD_PRO_SIGNAL / [tp 4175.69400]
1473870618,GOLD_PRO_SIGNAL,XAUUSDm,SELL,2026-07-03 15:17:31,2026-07-03 15:18:17,0.05,0.05,4175.929,4175.639,1.45,0.0,0.0,88012,GOLD_PRO_SIGNAL / [tp 4175.63900]
1473871556,GOLD_PRO_SIGNAL,XAUUSDm,SELL,2026-07-03 15:17:46,2026-07-03 15:18:17,0.05,0.05,4175.867,4175.577,1.45,0.0,0.0,88012,GOLD_PRO_SIGNAL / [tp 4175.57700]
1473875768,GOLD_PRO_SIGNAL,XAUUSDm,SELL,2026-07-03 15:18:32,2026-07-03 15:20:03,0.05,0.05,4175.495,4175.205,1.45,0.0,0.0,88012,GOLD_PRO_SIGNAL / [tp 4175.20500]
1473876655,GOLD_PRO_SIGNAL,XAUUSDm,SELL,2026-07-03 15:18:47,2026-07-03 15:19:53,0.05,0.05,4175.925,4175.635,1.45,0.0,0.0,88012,GOLD_PRO_SIGNAL / [tp 4175.63500]
1473882609,GOLD_PRO_SIGNAL,XAUUSDm,SELL,2026-07-03 15:20:02,2026-07-03 15:20:03,0.05,0.05,4175.211,4174.921,1.45,0.0,0.0,88012,GOLD_PRO_SIGNAL / [tp 4174.92100]
1473959620,GOLD_PRO_SIGNAL,XAUUSDm,SELL,2026-07-03 15:35:51,2026-07-03 15:36:14,0.05,0.05,4177.349,4177.136,1.07,0.0,0.0,88012,GOLD_PRO_SIGNAL / [tp 4177.13600]
1473960937,GOLD_PRO_SIGNAL,XAUUSDm,SELL,2026-07-03 15:36:07,2026-07-03 15:36:16,0.05,0.05,4177.221,4176.931,1.45,0.0,0.0,88012,GOLD_PRO_SIGNAL / [tp 4176.93100]
1473961986,GOLD_PRO_SIGNAL,XAUUSDm,SELL,2026-07-03 15:36:22,2026-07-03 15:36:37,0.05,0.05,4176.582,4176.517,0.32,0.0,0.0,88012,GOLD_PRO_SIGNAL / [tp 4176.51700]
1473963530,GOLD_PRO_SIGNAL,XAUUSDm,SELL,2026-07-03 15:36:37,2026-07-03 15:36:52,0.05,0.05,4176.317,4175.989,1.64,0.0,0.0,88012,GOLD_PRO_SIGNAL / [tp 4175.98900]
1473966748,GOLD_PRO_SIGNAL,XAUUSDm,SELL,2026-07-03 15:37:08,2026-07-03 15:37:12,0.05,0.05,4174.624,4174.715,-0.46,0.0,0.0,88012,GOLD_PRO_SIGNAL / [tp 4174.71500]
1473968345,GOLD_PRO_SIGNAL,XAUUSDm,SELL,2026-07-03 15:37:24,2026-07-03 15:37:27,0.05,0.05,4174.501,4174.211,1.45,0.0,0.0,88012,GOLD_PRO_SIGNAL / [tp 4174.21100]
1473970701,GOLD_PRO_SIGNAL,XAUUSDm,SELL,2026-07-03 15:37:39,2026-07-03 15:39:09,0.05,0.05,4173.705,4173.415,1.45,0.0,0.0,88012,GOLD_PRO_SIGNAL / [tp 4173.41500]
1473972522,GOLD_PRO_SIGNAL,XAUUSDm,SELL,2026-07-03 15:37:54,2026-07-03 15:38:18,0.05,0.05,4174.17,4173.88,1.45,0.0,0.0,88012,GOLD_PRO_SIGNAL / [tp 4173.88000]
1473974439,GOLD_PRO_SIGNAL,XAUUSDm,SELL,2026-07-03 15:38:25,2026-07-03 15:39:04,0.05,0.05,4173.658,4173.658,0.0,0.0,0.0,88012,GOLD_PRO_SIGNAL / [sl 4173.658]
1473979195,GOLD_PRO_SIGNAL,XAUUSDm,SELL,2026-07-03 15:39:25,2026-07-03 15:58:09,0.05,0.05,4173.526,4173.236,1.45,0.0,0.0,88012,GOLD_PRO_SIGNAL / [tp 4173.23600]
1473980931,GOLD_PRO_SIGNAL,XAUUSDm,SELL,2026-07-03 15:39:41,2026-07-03 15:39:44,0.05,0.05,4175.162,4174.872,1.45,0.0,0.0,88012,GOLD_PRO_SIGNAL / [tp 4174.87200]
1473982489,GOLD_PRO_SIGNAL,XAUUSDm,SELL,2026-07-03 15:39:56,2026-07-03 15:41:14,0.05,0.05,4174.62,4174.33,1.45,0.0,0.0,88012,GOLD_PRO_SIGNAL / [tp 4174.33000]
1473993512,GOLD_PRO_SIGNAL,XAUUSDm,SELL,2026-07-03 15:41:57,2026-07-03 15:42:46,0.05,0.05,4174.905,4174.953,-0.24,0.0,0.0,88012,GOLD_PRO_SIGNAL / [sl 4174.90500]
1473997674,GOLD_PRO_SIGNAL,XAUUSDm,SELL,2026-07-03 15:42:58,2026-07-03 15:43:03,0.05,0.05,4174.539,4174.313,1.13,0.0,0.0,88012,GOLD_PRO_SIGNAL / [tp 4174.31300]
1473999729,GOLD_PRO_SIGNAL,XAUUSDm,SELL,2026-07-03 15:43:13,2026-07-03 15:58:09,0.05,0.05,4173.608,4173.318,1.45,0.0,0.0,88012,GOLD_PRO_SIGNAL / [tp 4173.31800]
1474022478,GOLD_PRO_TP1,BTCUSDm,BUY,2026-07-03 15:48:59,2026-07-03 16:28:13,0.43,0.43,61879.08,62035.19,67.13,0.0,0.0,88012,GOLD_PRO_TP1 / [tp 62035.19000]
1474022480,GOLD_PRO_TP2,BTCUSDm,BUY,2026-07-03 15:48:59,2026-07-03 16:53:18,0.26,0.26,61877.92,62168.07,75.44,0.0,0.0,88012,GOLD_PRO_TP2 / [tp 62168.07000]
1474022483,GOLD_PRO_TP3,BTCUSDm,BUY,2026-07-03 15:48:59,2026-07-03 17:01:11,0.17,0.17,61877.92,61873.87,-0.69,0.0,0.0,88012,GOLD_PRO_TP3 / [sl 61877.92000]
1474022488,GOLD_PRO_TP1,ETHUSDm,BUY,2026-07-03 15:48:59,2026-07-03 16:28:24,6.24,6.24,1733.06,1743.37,64.34,0.0,0.0,88012,GOLD_PRO_TP1 / [tp 1743.37000]
1474022496,GOLD_PRO_TP2,ETHUSDm,BUY,2026-07-03 15:48:59,2026-07-03 17:13:47,3.75,3.75,1733.06,1733.06,0.0,0.0,0.0,88012,GOLD_PRO_TP2 / [sl 1733.06000]
1474022498,GOLD_PRO_TP3,ETHUSDm,BUY,2026-07-03 15:48:59,2026-07-03 17:13:47,2.5,2.5,1733.06,1733.06,0.0,0.0,0.0,88012,GOLD_PRO_TP3 / [sl 1733.06000]
1474350926,GOLD_PRO_SIGNAL,XAUUSDm,SELL,2026-07-03 17:04:21,2026-07-03 17:04:44,0.05,0.05,4165.992,4165.914,0.39,0.0,0.0,88012,GOLD_PRO_SIGNAL / [tp 4165.91400]
1474353574,GOLD_PRO_SIGNAL,XAUUSDm,SELL,2026-07-03 17:05:07,2026-07-03 17:05:29,0.05,0.05,4166.563,4166.273,1.45,0.0,0.0,88012,GOLD_PRO_SIGNAL / [tp 4166.27300]
1474354852,GOLD_PRO_SIGNAL,XAUUSDm,SELL,2026-07-03 17:05:37,2026-07-03 17:05:43,0.05,0.05,4166.336,4166.099,1.18,0.0,0.0,88012,GOLD_PRO_SIGNAL / [tp 4166.09900]
1474355550,GOLD_PRO_SIGNAL,XAUUSDm,SELL,2026-07-03 17:05:53,2026-07-03 17:05:56,0.05,0.05,4164.801,4164.623,0.89,0.0,0.0,88012,GOLD_PRO_SIGNAL / [tp 4164.62300]
1474358070,GOLD_PRO_SIGNAL,XAUUSDm,SELL,2026-07-03 17:06:24,2026-07-03 17:06:26,0.05,0.05,4163.313,4163.023,1.45,0.0,0.0,88012,GOLD_PRO_SIGNAL / [tp 4163.02300]
1474359781,GOLD_PRO_SIGNAL,XAUUSDm,SELL,2026-07-03 17:06:39,2026-07-03 17:06:55,0.05,0.05,4163.377,4163.419,-0.21,0.0,0.0,88012,GOLD_PRO_SIGNAL / [sl 4163.377]
1474361454,GOLD_PRO_SIGNAL,XAUUSDm,SELL,2026-07-03 17:07:10,2026-07-03 17:07:13,0.05,0.05,4162.771,4162.539,1.16,0.0,0.0,88012,GOLD_PRO_SIGNAL / [tp 4162.53900]
1474401985,GOLD_PRO_SIGNAL,XAUUSDm,SELL,2026-07-03 17:13:26,2026-07-03 17:13:30,0.05,0.05,4162.722,4162.432,1.45,0.0,0.0,88012,GOLD_PRO_SIGNAL / [tp 4162.43200]
1474402836,GOLD_PRO_SIGNAL,XAUUSDm,SELL,2026-07-03 17:13:42,2026-07-03 17:14:44,0.05,0.05,4162.203,4162.203,0.0,0.0,0.0,88012,GOLD_PRO_SIGNAL / [sl 4162.20300]
1474403753,GOLD_PRO_SIGNAL,XAUUSDm,SELL,2026-07-03 17:13:57,2026-07-03 17:14:13,0.05,0.05,4162.972,4162.708,1.32,0.0,0.0,88012,GOLD_PRO_SIGNAL / [tp 4162.70800]
1474405446,GOLD_PRO_SIGNAL,XAUUSDm,SELL,2026-07-03 17:14:13,2026-07-03 17:14:41,0.05,0.05,4162.319,4162.304,0.08,0.0,0.0,88012,GOLD_PRO_SIGNAL / [tp 4162.30400]
1474406212,GOLD_PRO_SIGNAL,XAUUSDm,SELL,2026-07-03 17:14:28,2026-07-03 17:14:42,0.05,0.05,4162.328,4162.038,1.45,0.0,0.0,88012,GOLD_PRO_SIGNAL / [tp 4162.03800]
1474407501,GOLD_PRO_SIGNAL,XAUUSDm,SELL,2026-07-03 17:14:59,2026-07-03 17:18:36,0.05,0.05,4162.379,4162.089,1.45,0.0,0.0,88012,GOLD_PRO_SIGNAL / [tp 4162.08900]
1474409073,GOLD_PRO_SIGNAL,XAUUSDm,SELL,2026-07-03 17:15:14,2026-07-03 17:18:13,0.05,0.05,4163.175,4162.885,1.45,0.0,0.0,88012,GOLD_PRO_SIGNAL / [tp 4162.88500]
1474409886,GOLD_PRO_SIGNAL,XAUUSDm,SELL,2026-07-03 17:15:30,2026-07-03 17:15:30,0.05,0.05,4163.912,4163.622,1.45,0.0,0.0,88012,GOLD_PRO_SIGNAL / [tp 4163.62200]
1474412115,GOLD_PRO_SIGNAL,XAUUSDm,SELL,2026-07-03 17:16:01,2026-07-03 17:16:15,0.05,0.05,4164.292,4164.002,1.45,0.0,0.0,88012,GOLD_PRO_SIGNAL / [tp 4164.00200]
1474413370,GOLD_PRO_SIGNAL,XAUUSDm,SELL,2026-07-03 17:16:31,2026-07-03 17:18:12,0.05,0.05,4163.84,4163.55,1.45,0.0,0.0,88012,GOLD_PRO_SIGNAL / [tp 4163.55000]
1474419966,GOLD_PRO_SIGNAL,XAUUSDm,SELL,2026-07-03 17:18:17,2026-07-03 17:18:23,0.05,0.05,4162.663,4162.463,1.0,0.0,0.0,88012,GOLD_PRO_SIGNAL / [tp 4162.46300]
1474421133,GOLD_PRO_SIGNAL,XAUUSDm,SELL,2026-07-03 17:18:32,2026-07-03 17:21:31,0.05,0.05,4162.491,4161.948,2.72,0.0,0.0,88012,GOLD_PRO_SIGNAL / [tp 4161.94800]
1474422130,GOLD_PRO_SIGNAL,XAUUSDm,SELL,2026-07-03 17:18:48,2026-07-03 17:19:04,0.05,0.05,4162.764,4162.474,1.45,0.0,0.0,88012,GOLD_PRO_SIGNAL / [tp 4162.47400]
1474424059,GOLD_PRO_SIGNAL,XAUUSDm,SELL,2026-07-03 17:19:18,2026-07-03 17:19:26,0.05,0.05,4162.971,4162.681,1.45,0.0,0.0,88012,GOLD_PRO_SIGNAL / [tp 4162.68100]
1474424633,GOLD_PRO_SIGNAL,XAUUSDm,SELL,2026-07-03 17:19:34,2026-07-03 17:19:46,0.05,0.05,4162.728,4162.438,1.45,0.0,0.0,88012,GOLD_PRO_SIGNAL / [tp 4162.43800]
1474425189,GOLD_PRO_SIGNAL,XAUUSDm,SELL,2026-07-03 17:19:49,2026-07-03 17:21:31,0.05,0.05,4162.381,4162.091,1.45,0.0,0.0,88012,GOLD_PRO_SIGNAL / [tp 4162.09100]
1474425747,GOLD_PRO_SIGNAL,XAUUSDm,SELL,2026-07-03 17:20:04,2026-07-03 17:21:31,0.05,0.05,4162.567,4162.277,1.45,0.0,0.0,88012,GOLD_PRO_SIGNAL / [tp 4162.27700]
1474430035,GOLD_PRO_SIGNAL,XAUUSDm,SELL,2026-07-03 17:21:50,2026-07-03 17:27:57,0.05,0.05,4161.247,4166.247,-25.0,0.0,0.0,88012,GOLD_PRO_SIGNAL / [sl 4166.24700]
1474431140,GOLD_PRO_SIGNAL,XAUUSDm,SELL,2026-07-03 17:22:05,2026-07-03 17:25:20,0.05,0.05,4162.663,4162.373,1.45,0.0,0.0,88012,GOLD_PRO_SIGNAL / [tp 4162.37300]
1474431981,GOLD_PRO_SIGNAL,XAUUSDm,SELL,2026-07-03 17:22:21,2026-07-03 17:22:59,0.05,0.05,4163.453,4163.318,0.68,0.0,0.0,88012,GOLD_PRO_SIGNAL / [tp 4163.31800]
1474436217,GOLD_PRO_SIGNAL,XAUUSDm,SELL,2026-07-03 17:23:22,2026-07-03 17:24:17,0.05,0.05,4163.929,4163.639,1.45,0.0,0.0,88012,GOLD_PRO_SIGNAL / [tp 4163.63900]
1474438406,GOLD_PRO_SIGNAL,XAUUSDm,SELL,2026-07-03 17:24:22,2026-07-03 17:24:39,0.05,0.05,4163.634,4163.344,1.45,0.0,0.0,88012,GOLD_PRO_SIGNAL / [tp 4163.34400]
1474439380,GOLD_PRO_SIGNAL,XAUUSDm,SELL,2026-07-03 17:24:52,2026-07-03 17:25:07,0.05,0.05,4163.237,4162.947,1.45,0.0,0.0,88012,GOLD_PRO_SIGNAL / [tp 4162.94700]
1474441307,GOLD_PRO_SIGNAL,XAUUSDm,SELL,2026-07-03 17:25:23,2026-07-03 17:47:57,0.05,0.05,4163.106,4167.844,-23.69,0.0,0.0,88012,GOLD_PRO_SIGNAL / [sl 4167.84400]
1474441777,GOLD_PRO_SIGNAL,XAUUSDm,SELL,2026-07-03 17:25:38,2026-07-03 17:47:57,0.05,0.05,4162.848,4167.868,-25.1,0.0,0.0,88012,GOLD_PRO_SIGNAL / [sl 4167.86800]
1474450217,GOLD_PRO_SIGNAL,XAUUSDm,SELL,2026-07-03 17:28:09,2026-07-03 17:28:16,0.05,0.05,4165.798,4165.798,0.0,0.0,0.0,88012,GOLD_PRO_SIGNAL / [tp 4165.79800]
1474450845,GOLD_PRO_SIGNAL,XAUUSDm,SELL,2026-07-03 17:28:24,2026-07-03 17:31:10,0.05,0.05,4165.381,4165.579,-0.99,0.0,0.0,88012,GOLD_PRO_SIGNAL / [sl 4165.381]
1474461615,GOLD_PRO_SIGNAL,XAUUSDm,SELL,2026-07-03 17:31:25,2026-07-03 17:33:13,0.05,0.05,4165.248,4164.958,1.45,0.0,0.0,88012,GOLD_PRO_SIGNAL / [tp 4164.95800]
1474466968,GOLD_PRO_SIGNAL,XAUUSDm,SELL,2026-07-03 17:33:26,2026-07-03 17:33:26,0.05,0.05,4165.136,4164.846,1.45,0.0,0.0,88012,GOLD_PRO_SIGNAL / [tp 4164.84600]
1474468389,GOLD_PRO_SIGNAL,XAUUSDm,SELL,2026-07-03 17:33:41,2026-07-03 17:44:41,0.05,0.05,4163.897,4163.613,1.42,0.0,0.0,88012,GOLD_PRO_SIGNAL / [tp 4163.61300]
1474497529,GOLD_PRO_SIGNAL,XAUUSDm,SELL,2026-07-03 17:44:42,2026-07-03 17:48:03,0.05,0.05,4163.273,4168.325,-25.26,0.0,0.0,88012,GOLD_PRO_SIGNAL / [sl 4168.325]
1474509626,GOLD_PRO_SIGNAL,XAUUSDm,BUY,2026-07-03 17:48:12,2026-07-03 17:50:30,0.05,0.05,4167.564,4167.854,1.45,0.0,0.0,88012,GOLD_PRO_SIGNAL / [tp 4167.85400]
1474510234,GOLD_PRO_SIGNAL,XAUUSDm,BUY,2026-07-03 17:48:28,2026-07-03 17:50:20,0.05,0.05,4167.333,4167.623,1.45,0.0,0.0,88012,GOLD_PRO_SIGNAL / [tp 4167.62300]
1474511114,GOLD_PRO_SIGNAL,XAUUSDm,BUY,2026-07-03 17:48:43,2026-07-03 17:50:16,0.05,0.05,4167.119,4167.404,1.42,0.0,0.0,88012,GOLD_PRO_SIGNAL / [tp 4167.40400]
1474516644,GOLD_PRO_SIGNAL,XAUUSDm,BUY,2026-07-03 17:50:29,2026-07-03 17:50:43,0.05,0.05,4168.046,4168.336,1.45,0.0,0.0,88012,GOLD_PRO_SIGNAL / [tp 4168.33600]
1474518200,GOLD_PRO_SIGNAL,XAUUSDm,BUY,2026-07-03 17:50:44,2026-07-03 17:51:00,0.05,0.05,4168.569,4168.28,-1.45,0.0,0.0,88012,GOLD_PRO_SIGNAL / [sl 4168.56900]
1474519411,GOLD_PRO_SIGNAL,XAUUSDm,BUY,2026-07-03 17:51:00,2026-07-03 17:57:40,0.05,0.05,4168.894,4169.184,1.45,0.0,0.0,88012,GOLD_PRO_SIGNAL / [tp 4169.18400]
1474520205,GOLD_PRO_SIGNAL,XAUUSDm,BUY,2026-07-03 17:51:15,2026-07-03 17:54:45,0.05,0.05,4168.248,4168.271,0.12,0.0,0.0,88012,GOLD_PRO_SIGNAL / [tp 4168.27100]
1474521030,GOLD_PRO_SIGNAL,XAUUSDm,BUY,2026-07-03 17:51:30,2026-07-03 17:54:46,0.05,0.05,4168.035,4168.325,1.45,0.0,0.0,88012,GOLD_PRO_SIGNAL / [tp 4168.32500]
1474532121,GOLD_PRO_SIGNAL,XAUUSDm,BUY,2026-07-03 17:55:16,2026-07-03 17:55:31,0.05,0.05,4168.45,4168.496,0.23,0.0,0.0,88012,GOLD_PRO_SIGNAL / [tp 4168.49600]
1474532521,GOLD_PRO_SIGNAL,XAUUSDm,BUY,2026-07-03 17:55:32,2026-07-03 17:57:35,0.05,0.05,4168.774,4168.718,-0.28,0.0,0.0,88012,GOLD_PRO_SIGNAL / [sl 4168.77400]
1474532838,GOLD_PRO_SIGNAL,XAUUSDm,BUY,2026-07-03 17:55:47,2026-07-03 17:57:19,0.05,0.05,4168.633,4168.923,1.45,0.0,0.0,88012,GOLD_PRO_SIGNAL / [tp 4168.92300]
1474538347,GOLD_PRO_SIGNAL,XAUUSDm,BUY,2026-07-03 17:58:03,2026-07-03 17:58:50,0.05,0.05,4169.15,4169.349,1.0,0.0,0.0,88012,GOLD_PRO_SIGNAL / [tp 4169.34900]
1474538769,GOLD_PRO_SIGNAL,XAUUSDm,BUY,2026-07-03 17:58:18,2026-07-03 17:58:55,0.05,0.05,4169.253,4169.543,1.45,0.0,0.0,88012,GOLD_PRO_SIGNAL / [tp 4169.54300]
1474539242,GOLD_PRO_SIGNAL,XAUUSDm,BUY,2026-07-03 17:58:34,2026-07-03 17:58:55,0.05,0.05,4169.212,4169.502,1.45,0.0,0.0,88012,GOLD_PRO_SIGNAL / [tp 4169.50200]
1474540922,GOLD_PRO_SIGNAL,XAUUSDm,BUY,2026-07-03 17:59:04,2026-07-03 17:59:06,0.05,0.05,4169.792,4170.082,1.45,0.0,0.0,88012,GOLD_PRO_SIGNAL / [tp 4170.08200]
1474542935,GOLD_PRO_SIGNAL,XAUUSDm,BUY,2026-07-03 17:59:20,2026-07-03 18:03:12,0.05,0.05,4171.142,4171.432,1.45,0.0,0.0,88012,GOLD_PRO_SIGNAL / [tp 4171.43200]
1474543765,GOLD_PRO_SIGNAL,XAUUSDm,BUY,2026-07-03 17:59:35,2026-07-03 18:03:06,0.05,0.05,4170.661,4170.951,1.45,0.0,0.0,88012,GOLD_PRO_SIGNAL / [tp 4170.95100]
1474545219,GOLD_PRO_SIGNAL,XAUUSDm,BUY,2026-07-03 18:00:06,2026-07-03 18:00:53,0.05,0.05,4169.957,4169.923,-0.17,0.0,0.0,88012,GOLD_PRO_SIGNAL / [sl 4169.957]
1474547803,GOLD_PRO_SIGNAL,XAUUSDm,BUY,2026-07-03 18:01:06,2026-07-03 18:02:10,0.05,0.05,4170.057,4170.347,1.45,0.0,0.0,88012,GOLD_PRO_SIGNAL / [tp 4170.34700]
1474553125,GOLD_PRO_SIGNAL,XAUUSDm,BUY,2026-07-03 18:02:37,2026-07-03 18:02:48,0.05,0.05,4170.045,4170.335,1.45,0.0,0.0,88012,GOLD_PRO_SIGNAL / [tp 4170.33500]
1474553666,GOLD_PRO_SIGNAL,XAUUSDm,BUY,2026-07-03 18:02:52,2026-07-03 18:03:06,0.05,0.05,4170.745,4171.035,1.45,0.0,0.0,88012,GOLD_PRO_SIGNAL / [tp 4171.03500]
1474554523,GOLD_PRO_SIGNAL,XAUUSDm,BUY,2026-07-03 18:03:08,2026-07-03 18:03:13,0.05,0.05,4171.311,4171.601,1.45,0.0,0.0,88012,GOLD_PRO_SIGNAL / [tp 4171.60100]
1474555737,GOLD_PRO_SIGNAL,XAUUSDm,BUY,2026-07-03 18:03:23,2026-07-03 18:03:29,0.05,0.05,4170.941,4171.231,1.45,0.0,0.0,88012,GOLD_PRO_SIGNAL / [tp 4171.23100]
1474557016,GOLD_PRO_SIGNAL,XAUUSDm,BUY,2026-07-03 18:03:39,2026-07-03 18:03:56,0.05,0.05,4172.083,4172.373,1.45,0.0,0.0,88012,GOLD_PRO_SIGNAL / [tp 4172.37300]
1474557996,GOLD_PRO_SIGNAL,XAUUSDm,BUY,2026-07-03 18:03:54,2026-07-03 18:04:18,0.05,0.05,4172.263,4172.553,1.45,0.0,0.0,88012,GOLD_PRO_SIGNAL / [tp 4172.55300]
1474570630,GOLD_PRO_SIGNAL,XAUUSDm,BUY,2026-07-03 18:07:26,2026-07-03 18:07:32,0.05,0.05,4171.617,4171.895,1.39,0.0,0.0,88012,GOLD_PRO_SIGNAL / [tp 4171.89500]
1474572142,GOLD_PRO_SIGNAL,XAUUSDm,BUY,2026-07-03 18:07:56,2026-07-03 18:10:28,0.05,0.05,4172.749,4172.776,0.13,0.0,0.0,88012,GOLD_PRO_SIGNAL / [tp 4172.77600]
1474572868,GOLD_PRO_SIGNAL,XAUUSDm,BUY,2026-07-03 18:08:12,2026-07-03 18:10:28,0.05,0.05,4172.524,4172.814,1.45,0.0,0.0,88012,GOLD_PRO_SIGNAL / [tp 4172.81400]
1474573410,GOLD_PRO_SIGNAL,XAUUSDm,BUY,2026-07-03 18:08:27,2026-07-03 18:10:18,0.05,0.05,4172.073,4172.363,1.45,0.0,0.0,88012,GOLD_PRO_SIGNAL / [tp 4172.36300]
1474577484,GOLD_PRO_SIGNAL,XAUUSDm,BUY,2026-07-03 18:10:28,2026-07-03 18:10:32,0.05,0.05,4173.055,4173.102,0.23,0.0,0.0,88012,GOLD_PRO_SIGNAL / [tp 4173.10200]
1474578713,GOLD_PRO_SIGNAL,XAUUSDm,BUY,2026-07-03 18:10:43,2026-07-03 18:10:47,0.05,0.05,4173.42,4173.71,1.45,0.0,0.0,88012,GOLD_PRO_SIGNAL / [tp 4173.71000]
1474580425,GOLD_PRO_SIGNAL,XAUUSDm,BUY,2026-07-03 18:10:58,2026-07-03 18:16:18,0.05,0.05,4174.135,4174.135,0.0,0.0,0.0,88012,GOLD_PRO_SIGNAL / [sl 4174.13500]
1474581471,GOLD_PRO_SIGNAL,XAUUSDm,BUY,2026-07-03 18:11:14,2026-07-03 18:11:23,0.05,0.05,4173.503,4173.689,0.93,0.0,0.0,88012,GOLD_PRO_SIGNAL / [tp 4173.68900]
1474582322,GOLD_PRO_SIGNAL,XAUUSDm,BUY,2026-07-03 18:11:44,2026-07-03 18:16:18,0.05,0.05,4174.122,4174.122,0.0,0.0,0.0,88012,GOLD_PRO_SIGNAL / [sl 4174.12200]
1474582953,GOLD_PRO_SIGNAL,XAUUSDm,BUY,2026-07-03 18:12:00,2026-07-03 18:16:17,0.05,0.05,4173.979,4174.213,1.17,0.0,0.0,88012,GOLD_PRO_SIGNAL / [tp 4174.21300]
1474674748,GOLD_PRO_SIGNAL,XAUUSDm,SELL,2026-07-03 18:46:28,2026-07-03 18:51:04,0.05,0.05,4167.415,4167.125,1.45,0.0,0.0,88012,GOLD_PRO_SIGNAL / [tp 4167.12500]
1474675161,GOLD_PRO_SIGNAL,XAUUSDm,SELL,2026-07-03 18:46:43,2026-07-03 18:51:01,0.05,0.05,4167.598,4167.308,1.45,0.0,0.0,88012,GOLD_PRO_SIGNAL / [tp 4167.30800]
1474676271,GOLD_PRO_SIGNAL,XAUUSDm,SELL,2026-07-03 18:47:14,2026-07-03 18:51:01,0.05,0.05,4167.812,4167.572,1.2,0.0,0.0,88012,GOLD_PRO_SIGNAL / [tp 4167.57200]
1474685205,GOLD_PRO_SIGNAL,XAUUSDm,SELL,2026-07-03 18:51:15,2026-07-03 18:52:08,0.05,0.05,4166.275,4165.985,1.45,0.0,0.0,88012,GOLD_PRO_SIGNAL / [tp 4165.98500]
1474686139,GOLD_PRO_SIGNAL,XAUUSDm,SELL,2026-07-03 18:51:30,2026-07-03 18:52:01,0.05,0.05,4166.61,4166.63,-0.1,0.0,0.0,88012,GOLD_PRO_SIGNAL / [sl 4166.610]
1474686819,GOLD_PRO_SIGNAL,XAUUSDm,SELL,2026-07-03 18:51:45,2026-07-03 18:52:01,0.05,0.05,4166.574,4166.63,-0.28,0.0,0.0,88012,GOLD_PRO_SIGNAL / [sl 4166.574]
1474688650,GOLD_PRO_SIGNAL,XAUUSDm,SELL,2026-07-03 18:52:16,2026-07-03 18:52:39,0.05,0.05,4166.265,4165.975,1.45,0.0,0.0,88012,GOLD_PRO_SIGNAL / [tp 4165.97500]
1474689193,GOLD_PRO_SIGNAL,XAUUSDm,SELL,2026-07-03 18:52:32,2026-07-03 18:52:58,0.05,0.05,4166.095,4165.805,1.45,0.0,0.0,88012,GOLD_PRO_SIGNAL / [tp 4165.80500]
1474690160,GOLD_PRO_SIGNAL,XAUUSDm,SELL,2026-07-03 18:52:47,2026-07-03 18:55:41,0.05,0.05,4165.833,4165.543,1.45,0.0,0.0,88012,GOLD_PRO_SIGNAL / [tp 4165.54300]
1474690838,GOLD_PRO_SIGNAL,XAUUSDm,SELL,2026-07-03 18:53:03,2026-07-03 18:55:41,0.05,0.05,4165.696,4165.406,1.45,0.0,0.0,88012,GOLD_PRO_SIGNAL / [tp 4165.40600]
1474691629,GOLD_PRO_SIGNAL,XAUUSDm,SELL,2026-07-03 18:53:18,2026-07-03 18:55:27,0.05,0.05,4166.515,4166.225,1.45,0.0,0.0,88012,GOLD_PRO_SIGNAL / [tp 4166.22500]
1474698138,GOLD_PRO_SIGNAL,XAUUSDm,SELL,2026-07-03 18:55:50,2026-07-03 18:56:13,0.05,0.05,4164.964,4164.674,1.45,0.0,0.0,88012,GOLD_PRO_SIGNAL / [tp 4164.67400]
1474698881,GOLD_PRO_SIGNAL,XAUUSDm,SELL,2026-07-03 18:56:05,2026-07-03 19:02:29,0.05,0.05,4164.806,4164.461,1.72,0.0,0.0,88012,GOLD_PRO_SIGNAL / [tp 4164.46100]
1474700751,GOLD_PRO_SIGNAL,XAUUSDm,SELL,2026-07-03 18:56:36,2026-07-03 19:02:29,0.05,0.05,4164.827,4164.537,1.45,0.0,0.0,88012,GOLD_PRO_SIGNAL / [tp 4164.53700]
1474701231,GOLD_PRO_SIGNAL,XAUUSDm,SELL,2026-07-03 18:56:51,2026-07-03 19:02:29,0.05,0.05,4164.806,4164.516,1.45,0.0,0.0,88012,GOLD_PRO_SIGNAL / [tp 4164.51600]
1474712374,GOLD_PRO_SIGNAL,XAUUSDm,SELL,2026-07-03 19:02:37,2026-07-03 19:05:13,0.05,0.05,4164.774,4165.01,-1.18,0.0,0.0,88012,GOLD_PRO_SIGNAL / [sl 4164.774]
1474712692,GOLD_PRO_SIGNAL,XAUUSDm,SELL,2026-07-03 19:02:53,2026-07-03 19:04:02,0.05,0.05,4164.904,4164.614,1.45,0.0,0.0,88012,GOLD_PRO_SIGNAL / [tp 4164.61400]
1474714459,GOLD_PRO_SIGNAL,XAUUSDm,SELL,2026-07-03 19:03:23,2026-07-03 19:03:56,0.05,0.05,4165.092,4164.859,1.16,0.0,0.0,88012,GOLD_PRO_SIGNAL / [tp 4164.85900]
1474716115,GOLD_PRO_SIGNAL,XAUUSDm,SELL,2026-07-03 19:04:09,2026-07-03 19:05:10,0.05,0.05,4164.836,4164.546,1.45,0.0,0.0,88012,GOLD_PRO_SIGNAL / [tp 4164.54600]
1474716503,GOLD_PRO_SIGNAL,XAUUSDm,SELL,2026-07-03 19:04:24,2026-07-03 19:05:07,0.05,0.05,4164.963,4164.673,1.45,0.0,0.0,88012,GOLD_PRO_SIGNAL / [tp 4164.67300]
1474717550,GOLD_PRO_SIGNAL,XAUUSDm,SELL,2026-07-03 19:05:10,2026-07-03 19:06:42,0.05,0.05,4164.278,4164.278,0.0,0.0,0.0,88012,GOLD_PRO_SIGNAL / [sl 4164.27800]
1474718060,GOLD_PRO_SIGNAL,XAUUSDm,SELL,2026-07-03 19:05:25,2026-07-03 19:06:27,0.05,0.05,4164.327,4164.5,-0.86,0.0,0.0,88012,GOLD_PRO_SIGNAL / [sl 4164.327]
1474718662,GOLD_PRO_SIGNAL,XAUUSDm,SELL,2026-07-03 19:05:41,2026-07-03 19:06:03,0.05,0.05,4164.415,4164.125,1.45,0.0,0.0,88012,GOLD_PRO_SIGNAL / [tp 4164.12500]
1474719885,GOLD_PRO_SIGNAL,XAUUSDm,SELL,2026-07-03 19:06:11,2026-07-03 19:06:42,0.05,0.05,4164.232,4164.232,0.0,0.0,0.0,88012,GOLD_PRO_SIGNAL / [sl 4164.232]
1474720734,GOLD_PRO_SIGNAL,XAUUSDm,SELL,2026-07-03 19:06:42,2026-07-03 19:06:42,0.05,0.05,4163.851,4163.796,0.28,0.0,0.0,88012,GOLD_PRO_SIGNAL / [tp 4163.79600]
1474721988,GOLD_PRO_SIGNAL,XAUUSDm,SELL,2026-07-03 19:06:58,2026-07-03 19:18:13,0.05,0.05,4163.747,4163.457,1.45,0.0,0.0,88012,GOLD_PRO_SIGNAL / [tp 4163.45700]
1474722850,GOLD_PRO_SIGNAL,XAUUSDm,SELL,2026-07-03 19:07:13,2026-07-03 19:08:01,0.05,0.05,4164.363,4164.422,-0.29,0.0,0.0,88012,GOLD_PRO_SIGNAL / [sl 4164.363]
1474723360,GOLD_PRO_SIGNAL,XAUUSDm,SELL,2026-07-03 19:07:29,2026-07-03 19:08:01,0.05,0.05,4164.265,4164.422,-0.78,0.0,0.0,88012,GOLD_PRO_SIGNAL / [sl 4164.26500]
1474726417,GOLD_PRO_SIGNAL,XAUUSDm,SELL,2026-07-03 19:08:45,2026-07-03 19:16:03,0.05,0.05,4163.801,4163.818,-0.08,0.0,0.0,88012,GOLD_PRO_SIGNAL / [sl 4163.80100]
1474726841,GOLD_PRO_SIGNAL,XAUUSDm,SELL,2026-07-03 19:09:01,2026-07-03 19:16:04,0.05,0.05,4163.961,4163.671,1.45,0.0,0.0,88012,GOLD_PRO_SIGNAL / [tp 4163.67100]
1474743656,GOLD_PRO_SIGNAL,XAUUSDm,SELL,2026-07-03 19:16:32,2026-07-03 19:18:11,0.05,0.05,4163.804,4163.565,1.19,0.0,0.0,88012,GOLD_PRO_SIGNAL / [tp 4163.56500]
1474744288,GOLD_PRO_SIGNAL,XAUUSDm,SELL,2026-07-03 19:16:48,2026-07-03 19:17:58,0.05,0.05,4164.236,4163.946,1.45,0.0,0.0,88012,GOLD_PRO_SIGNAL / [tp 4163.94600]
1474746870,GOLD_PRO_SIGNAL,XAUUSDm,SELL,2026-07-03 19:18:03,2026-07-03 19:18:11,0.05,0.05,4163.611,4163.53,0.41,0.0,0.0,88012,GOLD_PRO_SIGNAL / [tp 4163.53000]
1474747730,GOLD_PRO_SIGNAL,XAUUSDm,SELL,2026-07-03 19:18:19,2026-07-03 19:18:25,0.05,0.05,4163.219,4162.929,1.45,0.0,0.0,88012,GOLD_PRO_SIGNAL / [tp 4162.92900]
1474748834,GOLD_PRO_SIGNAL,XAUUSDm,SELL,2026-07-03 19:18:34,2026-07-03 19:24:33,0.05,0.05,4162.867,4167.867,-25.0,0.0,0.0,88012,GOLD_PRO_SIGNAL / [sl 4167.86700]
1474749810,GOLD_PRO_SIGNAL,XAUUSDm,SELL,2026-07-03 19:18:50,2026-07-03 19:30:16,0.05,0.05,4163.265,4168.265,-25.0,0.0,0.0,88012,GOLD_PRO_SIGNAL / [sl 4168.26500]
1474751220,GOLD_PRO_SIGNAL,XAUUSDm,SELL,2026-07-03 19:19:20,2026-07-03 19:34:09,0.05,0.05,4164.695,4169.695,-25.0,0.0,0.0,88012,GOLD_PRO_SIGNAL / [sl 4169.69500]
1474766575,GOLD_PRO_SIGNAL,XAUUSDm,SELL,2026-07-03 19:24:34,2026-07-03 19:24:46,0.05,0.05,4167.315,4167.025,1.45,0.0,0.0,88012,GOLD_PRO_SIGNAL / [tp 4167.02500]
1474768850,GOLD_PRO_SIGNAL,XAUUSDm,SELL,2026-07-03 19:25:05,2026-07-03 19:25:58,0.05,0.05,4167.348,4167.075,1.36,0.0,0.0,88012,GOLD_PRO_SIGNAL / [tp 4167.07500]
1474771745,GOLD_PRO_SIGNAL,XAUUSDm,SELL,2026-07-03 19:26:05,2026-07-03 19:27:47,0.05,0.05,4166.638,4166.348,1.45,0.0,0.0,88012,GOLD_PRO_SIGNAL / [tp 4166.34800]
1474775348,GOLD_PRO_SIGNAL,XAUUSDm,SELL,2026-07-03 19:27:51,2026-07-03 19:45:16,0.05,0.05,4166.213,4171.255,-25.21,0.0,0.0,88012,GOLD_PRO_SIGNAL / [sl 4171.25500]
1474781204,GOLD_PRO_SIGNAL,XAUUSDm,SELL,2026-07-03 19:30:21,2026-07-03 19:30:50,0.05,0.05,4168.303,4168.013,1.45,0.0,0.0,88012,GOLD_PRO_SIGNAL / [tp 4168.01300]
1474832002,GOLD_PRO_SIGNAL,XAUUSDm,BUY,2026-07-03 19:48:45,2026-07-03 19:49:59,0.05,0.05,4170.387,4170.677,1.45,0.0,0.0,88012,GOLD_PRO_SIGNAL / [tp 4170.67700]
1474832659,GOLD_PRO_SIGNAL,XAUUSDm,BUY,2026-07-03 19:49:00,2026-07-03 19:49:59,0.05,0.05,4170.549,4170.839,1.45,0.0,0.0,88012,GOLD_PRO_SIGNAL / [tp 4170.83900]
1474833509,GOLD_PRO_SIGNAL,XAUUSDm,BUY,2026-07-03 19:49:15,2026-07-03 19:49:59,0.05,0.05,4170.522,4170.812,1.45,0.0,0.0,88012,GOLD_PRO_SIGNAL / [tp 4170.81200]
1474834841,GOLD_PRO_SIGNAL,XAUUSDm,BUY,2026-07-03 19:50:01,2026-07-03 19:50:17,0.05,0.05,4171.054,4171.576,2.61,0.0,0.0,88012,GOLD_PRO_SIGNAL / [tp 4171.57600]
1474835824,GOLD_PRO_SIGNAL,XAUUSDm,BUY,2026-07-03 19:50:16,2026-07-03 19:50:17,0.05,0.05,4171.362,4171.652,1.45,0.0,0.0,88012,GOLD_PRO_SIGNAL / [tp 4171.65200]
1474836646,GOLD_PRO_SIGNAL,XAUUSDm,BUY,2026-07-03 19:50:32,2026-07-03 19:52:07,0.05,0.05,4171.552,4171.842,1.45,0.0,0.0,88012,GOLD_PRO_SIGNAL / [tp 4171.84200]
1474837062,GOLD_PRO_SIGNAL,XAUUSDm,BUY,2026-07-03 19:50:47,2026-07-03 19:52:13,0.05,0.05,4171.724,4172.014,1.45,0.0,0.0,88012,GOLD_PRO_SIGNAL / [tp 4172.01400]
1474837415,GOLD_PRO_SIGNAL,XAUUSDm,BUY,2026-07-03 19:51:02,2026-07-03 19:52:07,0.05,0.05,4171.583,4171.749,0.83,0.0,0.0,88012,GOLD_PRO_SIGNAL / [tp 4171.74900]
